date,region,product,feedback_text
2026-06-20,North,Product A,The price felt expensive compared with alternatives.
2026-06-20,North,Product A,The price felt expensive compared with alternatives.
2026-06-20,North,Product A,Product was out of stock when I tried to buy it.
2026-06-20,North,Product B,Delivery was late and the packaging was damaged.
2026-06-20,North,Product B,Delivery was fast and the product was good.
2026-06-20,North,Product B,Delivery was fast and the product was good.
2026-06-20,North,Product C,Product was out of stock when I tried to buy it.
2026-06-20,North,Product C,The product quality was poor and I want a return.
2026-06-20,North,Product C,The price felt expensive compared with alternatives.
2026-06-20,North,Product D,Checkout was easy and payment worked well.
2026-06-20,South,Product A,Very happy with the purchase and fast delivery.
2026-06-20,South,Product A,The price felt expensive compared with alternatives.
2026-06-20,South,Product B,Delivery was fast and the product was good.
2026-06-20,South,Product B,Delivery was late and the packaging was damaged.
2026-06-20,South,Product C,Very happy with the purchase and fast delivery.
2026-06-20,South,Product C,Product was out of stock when I tried to buy it.
2026-06-20,South,Product C,Checkout was easy and payment worked well.
2026-06-20,South,Product D,Checkout was easy and payment worked well.
2026-06-20,South,Product D,Checkout was easy and payment worked well.
2026-06-20,South,Product D,The price felt expensive compared with alternatives.
2026-06-20,East,Product A,The price felt expensive compared with alternatives.
2026-06-20,East,Product A,Delivery was fast and the product was good.
2026-06-20,East,Product A,Delivery was late and the packaging was damaged.
2026-06-20,East,Product B,Delivery was fast and the product was good.
2026-06-20,East,Product B,The product quality was poor and I want a return.
2026-06-20,East,Product C,The price felt expensive compared with alternatives.
2026-06-20,East,Product C,The price felt expensive compared with alternatives.
2026-06-20,East,Product D,The product quality was poor and I want a return.
2026-06-20,East,Product D,Delivery was late and the packaging was damaged.
2026-06-20,East,Product D,Delivery was late and the packaging was damaged.
2026-06-20,West,Product A,Delivery was late and the packaging was damaged.
2026-06-20,West,Product A,The price felt expensive compared with alternatives.
2026-06-20,West,Product A,The product quality was poor and I want a return.
2026-06-20,West,Product B,Delivery was late and the packaging was damaged.
2026-06-20,West,Product C,The product quality was poor and I want a return.
2026-06-20,West,Product C,Very happy with the purchase and fast delivery.
2026-06-20,West,Product C,The product quality was poor and I want a return.
2026-06-20,West,Product D,Product was out of stock when I tried to buy it.
2026-06-20,West,Product D,Very happy with the purchase and fast delivery.
2026-06-20,West,Product D,Product was out of stock when I tried to buy it.
2026-06-21,North,Product A,Delivery was late and the packaging was damaged.
2026-06-21,North,Product A,Product was out of stock when I tried to buy it.
2026-06-21,North,Product B,The price felt expensive compared with alternatives.
2026-06-21,North,Product B,Delivery was late and the packaging was damaged.
2026-06-21,North,Product C,Delivery was late and the packaging was damaged.
2026-06-21,North,Product D,Delivery was fast and the product was good.
2026-06-21,North,Product D,Checkout was easy and payment worked well.
2026-06-21,South,Product A,Product was out of stock when I tried to buy it.
2026-06-21,South,Product A,Delivery was late and the packaging was damaged.
2026-06-21,South,Product B,Delivery was late and the packaging was damaged.
2026-06-21,South,Product B,Very happy with the purchase and fast delivery.
2026-06-21,South,Product B,The price felt expensive compared with alternatives.
2026-06-21,South,Product C,Delivery was late and the packaging was damaged.
2026-06-21,South,Product C,The product quality was poor and I want a return.
2026-06-21,South,Product D,The product quality was poor and I want a return.
2026-06-21,East,Product A,Checkout was easy and payment worked well.
2026-06-21,East,Product B,The price felt expensive compared with alternatives.
2026-06-21,East,Product B,The product quality was poor and I want a return.
2026-06-21,East,Product C,The product quality was poor and I want a return.
2026-06-21,East,Product D,Delivery was fast and the product was good.
2026-06-21,East,Product D,Delivery was late and the packaging was damaged.
2026-06-21,West,Product A,Product was out of stock when I tried to buy it.
2026-06-21,West,Product A,Delivery was fast and the product was good.
2026-06-21,West,Product A,Delivery was fast and the product was good.
2026-06-21,West,Product B,Checkout was easy and payment worked well.
2026-06-21,West,Product C,The product quality was poor and I want a return.
2026-06-21,West,Product D,Very happy with the purchase and fast delivery.
2026-06-22,North,Product A,Checkout was easy and payment worked well.
2026-06-22,North,Product A,Product was out of stock when I tried to buy it.
2026-06-22,North,Product A,Very happy with the purchase and fast delivery.
2026-06-22,North,Product B,Delivery was fast and the product was good.
2026-06-22,North,Product B,The product quality was poor and I want a return.
2026-06-22,North,Product C,The product quality was poor and I want a return.
2026-06-22,North,Product C,Delivery was fast and the product was good.
2026-06-22,North,Product D,The price felt expensive compared with alternatives.
2026-06-22,South,Product A,Very happy with the purchase and fast delivery.
2026-06-22,South,Product B,The price felt expensive compared with alternatives.
2026-06-22,South,Product B,Product was out of stock when I tried to buy it.
2026-06-22,South,Product B,Delivery was fast and the product was good.
2026-06-22,South,Product C,The price felt expensive compared with alternatives.
2026-06-22,South,Product D,Product was out of stock when I tried to buy it.
2026-06-22,South,Product D,The product quality was poor and I want a return.
2026-06-22,South,Product D,The product quality was poor and I want a return.
2026-06-22,East,Product A,The product quality was poor and I want a return.
2026-06-22,East,Product A,Delivery was late and the packaging was damaged.
2026-06-22,East,Product B,Very happy with the purchase and fast delivery.
2026-06-22,East,Product B,Product was out of stock when I tried to buy it.
2026-06-22,East,Product B,Very happy with the purchase and fast delivery.
2026-06-22,East,Product C,The product quality was poor and I want a return.
2026-06-22,East,Product C,Product was out of stock when I tried to buy it.
2026-06-22,East,Product D,Delivery was late and the packaging was damaged.
2026-06-22,East,Product D,The product quality was poor and I want a return.
2026-06-22,West,Product A,Delivery was late and the packaging was damaged.
2026-06-22,West,Product A,Product was out of stock when I tried to buy it.
2026-06-22,West,Product A,Product was out of stock when I tried to buy it.
2026-06-22,West,Product B,The price felt expensive compared with alternatives.
2026-06-22,West,Product C,Checkout was easy and payment worked well.
2026-06-22,West,Product D,Product was out of stock when I tried to buy it.
2026-06-22,West,Product D,Very happy with the purchase and fast delivery.
2026-06-23,North,Product A,Delivery was late and the packaging was damaged.
2026-06-23,North,Product A,Very happy with the purchase and fast delivery.
2026-06-23,North,Product B,The price felt expensive compared with alternatives.
2026-06-23,North,Product C,The price felt expensive compared with alternatives.
2026-06-23,North,Product C,The price felt expensive compared with alternatives.
2026-06-23,North,Product C,Checkout was easy and payment worked well.
2026-06-23,North,Product D,The price felt expensive compared with alternatives.
2026-06-23,South,Product A,Delivery was fast and the product was good.
2026-06-23,South,Product B,Checkout was easy and payment worked well.
2026-06-23,South,Product B,The price felt expensive compared with alternatives.
2026-06-23,South,Product B,Delivery was fast and the product was good.
2026-06-23,South,Product C,The price felt expensive compared with alternatives.
2026-06-23,South,Product C,The product quality was poor and I want a return.
2026-06-23,South,Product C,The product quality was poor and I want a return.
2026-06-23,South,Product D,The product quality was poor and I want a return.
2026-06-23,South,Product D,Checkout was easy and payment worked well.
2026-06-23,South,Product D,Product was out of stock when I tried to buy it.
2026-06-23,East,Product A,Checkout was easy and payment worked well.
2026-06-23,East,Product A,Checkout was easy and payment worked well.
2026-06-23,East,Product A,Product was out of stock when I tried to buy it.
2026-06-23,East,Product B,Very happy with the purchase and fast delivery.
2026-06-23,East,Product B,Very happy with the purchase and fast delivery.
2026-06-23,East,Product C,Very happy with the purchase and fast delivery.
2026-06-23,East,Product C,The price felt expensive compared with alternatives.
2026-06-23,East,Product C,The price felt expensive compared with alternatives.
2026-06-23,East,Product D,The product quality was poor and I want a return.
2026-06-23,West,Product A,The product quality was poor and I want a return.
2026-06-23,West,Product A,The product quality was poor and I want a return.
2026-06-23,West,Product B,Product was out of stock when I tried to buy it.
2026-06-23,West,Product B,The product quality was poor and I want a return.
2026-06-23,West,Product C,Very happy with the purchase and fast delivery.
2026-06-23,West,Product D,Product was out of stock when I tried to buy it.
2026-06-23,West,Product D,Delivery was fast and the product was good.
2026-06-24,North,Product A,Delivery was fast and the product was good.
2026-06-24,North,Product A,Delivery was late and the packaging was damaged.
2026-06-24,North,Product A,Checkout was easy and payment worked well.
2026-06-24,North,Product B,Very happy with the purchase and fast delivery.
2026-06-24,North,Product C,Checkout was easy and payment worked well.
2026-06-24,North,Product C,The product quality was poor and I want a return.
2026-06-24,North,Product C,Delivery was fast and the product was good.
2026-06-24,North,Product D,Delivery was late and the packaging was damaged.
2026-06-24,North,Product D,Very happy with the purchase and fast delivery.
2026-06-24,South,Product A,Delivery was late and the packaging was damaged.
2026-06-24,South,Product B,Product was out of stock when I tried to buy it.
2026-06-24,South,Product B,The price felt expensive compared with alternatives.
2026-06-24,South,Product B,Delivery was fast and the product was good.
2026-06-24,South,Product C,Checkout was easy and payment worked well.
2026-06-24,South,Product C,The product quality was poor and I want a return.
2026-06-24,South,Product D,The price felt expensive compared with alternatives.
2026-06-24,South,Product D,Very happy with the purchase and fast delivery.
2026-06-24,South,Product D,Delivery was late and the packaging was damaged.
2026-06-24,East,Product A,Product was out of stock when I tried to buy it.
2026-06-24,East,Product A,Product was out of stock when I tried to buy it.
2026-06-24,East,Product A,Very happy with the purchase and fast delivery.
2026-06-24,East,Product B,Delivery was fast and the product was good.
2026-06-24,East,Product B,The price felt expensive compared with alternatives.
2026-06-24,East,Product B,Delivery was fast and the product was good.
2026-06-24,East,Product C,Delivery was fast and the product was good.
2026-06-24,East,Product C,Delivery was late and the packaging was damaged.
2026-06-24,East,Product C,Product was out of stock when I tried to buy it.
2026-06-24,East,Product D,Delivery was fast and the product was good.
2026-06-24,West,Product A,Product was out of stock when I tried to buy it.
2026-06-24,West,Product A,Product was out of stock when I tried to buy it.
2026-06-24,West,Product A,Delivery was late and the packaging was damaged.
2026-06-24,West,Product B,The product quality was poor and I want a return.
2026-06-24,West,Product B,Product was out of stock when I tried to buy it.
2026-06-24,West,Product B,Checkout was easy and payment worked well.
2026-06-24,West,Product C,Checkout was easy and payment worked well.
2026-06-24,West,Product C,The product quality was poor and I want a return.
2026-06-24,West,Product C,Product was out of stock when I tried to buy it.
2026-06-24,West,Product D,Very happy with the purchase and fast delivery.
2026-06-24,West,Product D,Delivery was late and the packaging was damaged.
2026-06-25,North,Product A,Very happy with the purchase and fast delivery.
2026-06-25,North,Product A,Delivery was late and the packaging was damaged.
2026-06-25,North,Product B,Delivery was late and the packaging was damaged.
2026-06-25,North,Product C,Very happy with the purchase and fast delivery.
2026-06-25,North,Product D,Delivery was fast and the product was good.
2026-06-25,North,Product D,Product was out of stock when I tried to buy it.
2026-06-25,South,Product A,Delivery was fast and the product was good.
2026-06-25,South,Product A,Very happy with the purchase and fast delivery.
2026-06-25,South,Product A,Delivery was late and the packaging was damaged.
2026-06-25,South,Product B,Checkout was easy and payment worked well.
2026-06-25,South,Product B,Delivery was fast and the product was good.
2026-06-25,South,Product B,The price felt expensive compared with alternatives.
2026-06-25,South,Product C,Delivery was late and the packaging was damaged.
2026-06-25,South,Product D,The product quality was poor and I want a return.
2026-06-25,East,Product A,The price felt expensive compared with alternatives.
2026-06-25,East,Product A,Product was out of stock when I tried to buy it.
2026-06-25,East,Product B,Delivery was late and the packaging was damaged.
2026-06-25,East,Product C,The product quality was poor and I want a return.
2026-06-25,East,Product C,The product quality was poor and I want a return.
2026-06-25,East,Product D,Very happy with the purchase and fast delivery.
2026-06-25,East,Product D,Very happy with the purchase and fast delivery.
2026-06-25,West,Product A,Delivery was fast and the product was good.
2026-06-25,West,Product B,The price felt expensive compared with alternatives.
2026-06-25,West,Product B,Delivery was fast and the product was good.
2026-06-25,West,Product B,Very happy with the purchase and fast delivery.
2026-06-25,West,Product C,Checkout was easy and payment worked well.
2026-06-25,West,Product C,Product was out of stock when I tried to buy it.
2026-06-25,West,Product D,The product quality was poor and I want a return.
2026-06-26,North,Product A,The price felt expensive compared with alternatives.
2026-06-26,North,Product B,The product quality was poor and I want a return.
2026-06-26,North,Product B,Delivery was fast and the product was good.
2026-06-26,North,Product C,The price felt expensive compared with alternatives.
2026-06-26,North,Product C,The price felt expensive compared with alternatives.
2026-06-26,North,Product D,Delivery was fast and the product was good.
2026-06-26,North,Product D,Delivery was late and the packaging was damaged.
2026-06-26,South,Product A,Delivery was fast and the product was good.
2026-06-26,South,Product A,Checkout was easy and payment worked well.
2026-06-26,South,Product B,Very happy with the purchase and fast delivery.
2026-06-26,South,Product B,Checkout was easy and payment worked well.
2026-06-26,South,Product C,The price felt expensive compared with alternatives.
2026-06-26,South,Product D,Very happy with the purchase and fast delivery.
2026-06-26,South,Product D,Delivery was late and the packaging was damaged.
2026-06-26,South,Product D,Very happy with the purchase and fast delivery.
2026-06-26,East,Product A,Checkout was easy and payment worked well.
2026-06-26,East,Product B,Very happy with the purchase and fast delivery.
2026-06-26,East,Product B,Delivery was fast and the product was good.
2026-06-26,East,Product B,Delivery was late and the packaging was damaged.
2026-06-26,East,Product C,Product was out of stock when I tried to buy it.
2026-06-26,East,Product C,Product was out of stock when I tried to buy it.
2026-06-26,East,Product D,Very happy with the purchase and fast delivery.
2026-06-26,East,Product D,The price felt expensive compared with alternatives.
2026-06-26,East,Product D,Very happy with the purchase and fast delivery.
2026-06-26,West,Product A,Delivery was late and the packaging was damaged.
2026-06-26,West,Product B,The product quality was poor and I want a return.
2026-06-26,West,Product B,The product quality was poor and I want a return.
2026-06-26,West,Product C,Very happy with the purchase and fast delivery.
2026-06-26,West,Product D,Delivery was fast and the product was good.
2026-06-26,West,Product D,Very happy with the purchase and fast delivery.
2026-06-26,West,Product D,The product quality was poor and I want a return.
2026-06-27,North,Product A,The product quality was poor and I want a return.
2026-06-27,North,Product A,Delivery was fast and the product was good.
2026-06-27,North,Product A,Checkout was easy and payment worked well.
2026-06-27,North,Product B,Delivery was late and the packaging was damaged.
2026-06-27,North,Product B,Checkout was easy and payment worked well.
2026-06-27,North,Product C,Delivery was fast and the product was good.
2026-06-27,North,Product C,Checkout was easy and payment worked well.
2026-06-27,North,Product D,Delivery was late and the packaging was damaged.
2026-06-27,South,Product A,The price felt expensive compared with alternatives.
2026-06-27,South,Product A,The product quality was poor and I want a return.
2026-06-27,South,Product B,Product was out of stock when I tried to buy it.
2026-06-27,South,Product B,Delivery was late and the packaging was damaged.
2026-06-27,South,Product B,Product was out of stock when I tried to buy it.
2026-06-27,South,Product C,Product was out of stock when I tried to buy it.
2026-06-27,South,Product C,Delivery was late and the packaging was damaged.
2026-06-27,South,Product C,The price felt expensive compared with alternatives.
2026-06-27,South,Product D,Delivery was fast and the product was good.
2026-06-27,South,Product D,Checkout was easy and payment worked well.
2026-06-27,East,Product A,Delivery was late and the packaging was damaged.
2026-06-27,East,Product A,Delivery was late and the packaging was damaged.
2026-06-27,East,Product B,Checkout was easy and payment worked well.
2026-06-27,East,Product B,Delivery was late and the packaging was damaged.
2026-06-27,East,Product B,The price felt expensive compared with alternatives.
2026-06-27,East,Product C,The product quality was poor and I want a return.
2026-06-27,East,Product C,The product quality was poor and I want a return.
2026-06-27,East,Product C,Delivery was late and the packaging was damaged.
2026-06-27,East,Product D,Delivery was fast and the product was good.
2026-06-27,East,Product D,Very happy with the purchase and fast delivery.
2026-06-27,West,Product A,Very happy with the purchase and fast delivery.
2026-06-27,West,Product A,Delivery was fast and the product was good.
2026-06-27,West,Product B,Checkout was easy and payment worked well.
2026-06-27,West,Product B,Delivery was fast and the product was good.
2026-06-27,West,Product B,Delivery was fast and the product was good.
2026-06-27,West,Product C,The price felt expensive compared with alternatives.
2026-06-27,West,Product C,Product was out of stock when I tried to buy it.
2026-06-27,West,Product C,Product was out of stock when I tried to buy it.
2026-06-27,West,Product D,Product was out of stock when I tried to buy it.
2026-06-28,North,Product A,The product quality was poor and I want a return.
2026-06-28,North,Product A,Product was out of stock when I tried to buy it.
2026-06-28,North,Product B,Delivery was late and the packaging was damaged.
2026-06-28,North,Product B,The price felt expensive compared with alternatives.
2026-06-28,North,Product B,Very happy with the purchase and fast delivery.
2026-06-28,North,Product C,Delivery was late and the packaging was damaged.
2026-06-28,North,Product C,Checkout was easy and payment worked well.
2026-06-28,North,Product D,Very happy with the purchase and fast delivery.
2026-06-28,South,Product A,Product was out of stock when I tried to buy it.
2026-06-28,South,Product B,Very happy with the purchase and fast delivery.
2026-06-28,South,Product B,Delivery was late and the packaging was damaged.
2026-06-28,South,Product C,The product quality was poor and I want a return.
2026-06-28,South,Product C,Product was out of stock when I tried to buy it.
2026-06-28,South,Product C,Delivery was fast and the product was good.
2026-06-28,South,Product D,Delivery was fast and the product was good.
2026-06-28,East,Product A,Delivery was late and the packaging was damaged.
2026-06-28,East,Product B,Checkout was easy and payment worked well.
2026-06-28,East,Product B,Delivery was fast and the product was good.
2026-06-28,East,Product B,The price felt expensive compared with alternatives.
2026-06-28,East,Product C,The product quality was poor and I want a return.
2026-06-28,East,Product C,Checkout was easy and payment worked well.
2026-06-28,East,Product D,The price felt expensive compared with alternatives.
2026-06-28,East,Product D,Delivery was late and the packaging was damaged.
2026-06-28,East,Product D,Checkout was easy and payment worked well.
2026-06-28,West,Product A,Very happy with the purchase and fast delivery.
2026-06-28,West,Product A,The price felt expensive compared with alternatives.
2026-06-28,West,Product A,The price felt expensive compared with alternatives.
2026-06-28,West,Product B,The price felt expensive compared with alternatives.
2026-06-28,West,Product B,Checkout was easy and payment worked well.
2026-06-28,West,Product C,Very happy with the purchase and fast delivery.
2026-06-28,West,Product C,Delivery was late and the packaging was damaged.
2026-06-28,West,Product C,The price felt expensive compared with alternatives.
2026-06-28,West,Product D,The product quality was poor and I want a return.
2026-06-29,North,Product A,Product was out of stock when I tried to buy it.
2026-06-29,North,Product A,The product quality was poor and I want a return.
2026-06-29,North,Product A,The price felt expensive compared with alternatives.
2026-06-29,North,Product B,Very happy with the purchase and fast delivery.
2026-06-29,North,Product B,Delivery was late and the packaging was damaged.
2026-06-29,North,Product C,The price felt expensive compared with alternatives.
2026-06-29,North,Product D,Delivery was late and the packaging was damaged.
2026-06-29,North,Product D,The price felt expensive compared with alternatives.
2026-06-29,South,Product A,Very happy with the purchase and fast delivery.
2026-06-29,South,Product A,The price felt expensive compared with alternatives.
2026-06-29,South,Product B,Checkout was easy and payment worked well.
2026-06-29,South,Product C,Product was out of stock when I tried to buy it.
2026-06-29,South,Product C,The price felt expensive compared with alternatives.
2026-06-29,South,Product D,The product quality was poor and I want a return.
2026-06-29,East,Product A,Checkout was easy and payment worked well.
2026-06-29,East,Product A,Delivery was late and the packaging was damaged.
2026-06-29,East,Product A,The price felt expensive compared with alternatives.
2026-06-29,East,Product B,The price felt expensive compared with alternatives.
2026-06-29,East,Product B,The price felt expensive compared with alternatives.
2026-06-29,East,Product B,The product quality was poor and I want a return.
2026-06-29,East,Product C,The price felt expensive compared with alternatives.
2026-06-29,East,Product C,The price felt expensive compared with alternatives.
2026-06-29,East,Product C,Product was out of stock when I tried to buy it.
2026-06-29,East,Product D,Very happy with the purchase and fast delivery.
2026-06-29,East,Product D,Checkout was easy and payment worked well.
2026-06-29,East,Product D,The price felt expensive compared with alternatives.
2026-06-29,West,Product A,Product was out of stock when I tried to buy it.
2026-06-29,West,Product B,The product quality was poor and I want a return.
2026-06-29,West,Product B,The product quality was poor and I want a return.
2026-06-29,West,Product B,The price felt expensive compared with alternatives.
2026-06-29,West,Product C,Delivery was late and the packaging was damaged.
2026-06-29,West,Product D,Delivery was late and the packaging was damaged.
2026-06-29,West,Product D,Delivery was fast and the product was good.
2026-06-30,North,Product A,The product quality was poor and I want a return.
2026-06-30,North,Product A,The price felt expensive compared with alternatives.
2026-06-30,North,Product A,Checkout was easy and payment worked well.
2026-06-30,North,Product B,Delivery was late and the packaging was damaged.
2026-06-30,North,Product C,Delivery was fast and the product was good.
2026-06-30,North,Product C,Delivery was late and the packaging was damaged.
2026-06-30,North,Product D,Very happy with the purchase and fast delivery.
2026-06-30,South,Product A,Delivery was fast and the product was good.
2026-06-30,South,Product B,Very happy with the purchase and fast delivery.
2026-06-30,South,Product C,The product quality was poor and I want a return.
2026-06-30,South,Product C,Very happy with the purchase and fast delivery.
2026-06-30,South,Product C,The price felt expensive compared with alternatives.
2026-06-30,South,Product D,Checkout was easy and payment worked well.
2026-06-30,South,Product D,The price felt expensive compared with alternatives.
2026-06-30,South,Product D,The price felt expensive compared with alternatives.
2026-06-30,East,Product A,Very happy with the purchase and fast delivery.
2026-06-30,East,Product B,The product quality was poor and I want a return.
2026-06-30,East,Product B,The price felt expensive compared with alternatives.
2026-06-30,East,Product C,The price felt expensive compared with alternatives.
2026-06-30,East,Product D,Checkout was easy and payment worked well.
2026-06-30,East,Product D,Checkout was easy and payment worked well.
2026-06-30,East,Product D,Checkout was easy and payment worked well.
2026-06-30,West,Product A,Delivery was fast and the product was good.
2026-06-30,West,Product A,Very happy with the purchase and fast delivery.
2026-06-30,West,Product A,Product was out of stock when I tried to buy it.
2026-06-30,West,Product B,Delivery was late and the packaging was damaged.
2026-06-30,West,Product B,Product was out of stock when I tried to buy it.
2026-06-30,West,Product C,Delivery was fast and the product was good.
2026-06-30,West,Product C,Very happy with the purchase and fast delivery.
2026-06-30,West,Product D,Delivery was late and the packaging was damaged.
2026-06-30,West,Product D,Delivery was fast and the product was good.
2026-06-30,West,Product D,Delivery was fast and the product was good.
2026-07-01,North,Product A,Product was out of stock when I tried to buy it.
2026-07-01,North,Product B,Checkout was easy and payment worked well.
2026-07-01,North,Product B,Delivery was fast and the product was good.
2026-07-01,North,Product B,The product quality was poor and I want a return.
2026-07-01,North,Product C,The price felt expensive compared with alternatives.
2026-07-01,North,Product C,The price felt expensive compared with alternatives.
2026-07-01,North,Product D,The product quality was poor and I want a return.
2026-07-01,North,Product D,Very happy with the purchase and fast delivery.
2026-07-01,North,Product D,Delivery was fast and the product was good.
2026-07-01,South,Product A,Delivery was fast and the product was good.
2026-07-01,South,Product A,The price felt expensive compared with alternatives.
2026-07-01,South,Product A,Delivery was fast and the product was good.
2026-07-01,South,Product B,Delivery was late and the packaging was damaged.
2026-07-01,South,Product B,Checkout was easy and payment worked well.
2026-07-01,South,Product B,Product was out of stock when I tried to buy it.
2026-07-01,South,Product C,Checkout was easy and payment worked well.
2026-07-01,South,Product C,Product was out of stock when I tried to buy it.
2026-07-01,South,Product C,Delivery was late and the packaging was damaged.
2026-07-01,South,Product D,The product quality was poor and I want a return.
2026-07-01,East,Product A,Checkout was easy and payment worked well.
2026-07-01,East,Product A,Checkout was easy and payment worked well.
2026-07-01,East,Product A,The product quality was poor and I want a return.
2026-07-01,East,Product B,Checkout was easy and payment worked well.
2026-07-01,East,Product C,Very happy with the purchase and fast delivery.
2026-07-01,East,Product C,The price felt expensive compared with alternatives.
2026-07-01,East,Product D,Delivery was late and the packaging was damaged.
2026-07-01,West,Product A,Very happy with the purchase and fast delivery.
2026-07-01,West,Product A,Checkout was easy and payment worked well.
2026-07-01,West,Product A,Delivery was late and the packaging was damaged.
2026-07-01,West,Product B,Delivery was fast and the product was good.
2026-07-01,West,Product B,Very happy with the purchase and fast delivery.
2026-07-01,West,Product C,The price felt expensive compared with alternatives.
2026-07-01,West,Product C,The product quality was poor and I want a return.
2026-07-01,West,Product C,Product was out of stock when I tried to buy it.
2026-07-01,West,Product D,Delivery was late and the packaging was damaged.
2026-07-02,North,Product A,Very happy with the purchase and fast delivery.
2026-07-02,North,Product A,The price felt expensive compared with alternatives.
2026-07-02,North,Product A,The price felt expensive compared with alternatives.
2026-07-02,North,Product B,Delivery was fast and the product was good.
2026-07-02,North,Product C,The product quality was poor and I want a return.
2026-07-02,North,Product C,The product quality was poor and I want a return.
2026-07-02,North,Product D,Checkout was easy and payment worked well.
2026-07-02,North,Product D,The product quality was poor and I want a return.
2026-07-02,South,Product A,Delivery was fast and the product was good.
2026-07-02,South,Product B,The price felt expensive compared with alternatives.
2026-07-02,South,Product B,The product quality was poor and I want a return.
2026-07-02,South,Product B,Product was out of stock when I tried to buy it.
2026-07-02,South,Product C,Very happy with the purchase and fast delivery.
2026-07-02,South,Product C,Very happy with the purchase and fast delivery.
2026-07-02,South,Product D,Checkout was easy and payment worked well.
2026-07-02,South,Product D,The price felt expensive compared with alternatives.
2026-07-02,East,Product A,Delivery was late and the packaging was damaged.
2026-07-02,East,Product A,Delivery was fast and the product was good.
2026-07-02,East,Product A,The product quality was poor and I want a return.
2026-07-02,East,Product B,Product was out of stock when I tried to buy it.
2026-07-02,East,Product B,The product quality was poor and I want a return.
2026-07-02,East,Product B,Product was out of stock when I tried to buy it.
2026-07-02,East,Product C,The product quality was poor and I want a return.
2026-07-02,East,Product C,Checkout was easy and payment worked well.
2026-07-02,East,Product C,The price felt expensive compared with alternatives.
2026-07-02,East,Product D,Very happy with the purchase and fast delivery.
2026-07-02,East,Product D,The price felt expensive compared with alternatives.
2026-07-02,East,Product D,Checkout was easy and payment worked well.
2026-07-02,West,Product A,The product quality was poor and I want a return.
2026-07-02,West,Product A,Very happy with the purchase and fast delivery.
2026-07-02,West,Product A,Delivery was late and the packaging was damaged.
2026-07-02,West,Product B,Very happy with the purchase and fast delivery.
2026-07-02,West,Product B,Delivery was fast and the product was good.
2026-07-02,West,Product B,The price felt expensive compared with alternatives.
2026-07-02,West,Product C,Very happy with the purchase and fast delivery.
2026-07-02,West,Product C,The price felt expensive compared with alternatives.
2026-07-02,West,Product D,Product was out of stock when I tried to buy it.
2026-07-02,West,Product D,Checkout was easy and payment worked well.
2026-07-03,North,Product A,Delivery was late and the packaging was damaged.
2026-07-03,North,Product A,Delivery was fast and the product was good.
2026-07-03,North,Product B,Very happy with the purchase and fast delivery.
2026-07-03,North,Product C,The product quality was poor and I want a return.
2026-07-03,North,Product C,Checkout was easy and payment worked well.
2026-07-03,North,Product C,Checkout was easy and payment worked well.
2026-07-03,North,Product D,The price felt expensive compared with alternatives.
2026-07-03,South,Product A,Delivery was late and the packaging was damaged.
2026-07-03,South,Product B,Product was out of stock when I tried to buy it.
2026-07-03,South,Product C,Very happy with the purchase and fast delivery.
2026-07-03,South,Product D,Product was out of stock when I tried to buy it.
2026-07-03,South,Product D,Delivery was late and the packaging was damaged.
2026-07-03,South,Product D,The price felt expensive compared with alternatives.
2026-07-03,East,Product A,Product was out of stock when I tried to buy it.
2026-07-03,East,Product A,Checkout was easy and payment worked well.
2026-07-03,East,Product A,Checkout was easy and payment worked well.
2026-07-03,East,Product B,Product was out of stock when I tried to buy it.
2026-07-03,East,Product B,Delivery was late and the packaging was damaged.
2026-07-03,East,Product B,Very happy with the purchase and fast delivery.
2026-07-03,East,Product C,Product was out of stock when I tried to buy it.
2026-07-03,East,Product C,The price felt expensive compared with alternatives.
2026-07-03,East,Product C,Delivery was late and the packaging was damaged.
2026-07-03,East,Product D,Very happy with the purchase and fast delivery.
2026-07-03,West,Product A,Product was out of stock when I tried to buy it.
2026-07-03,West,Product B,Delivery was fast and the product was good.
2026-07-03,West,Product B,Delivery was fast and the product was good.
2026-07-03,West,Product B,Delivery was late and the packaging was damaged.
2026-07-03,West,Product C,Delivery was fast and the product was good.
2026-07-03,West,Product D,The price felt expensive compared with alternatives.
2026-07-03,West,Product D,The price felt expensive compared with alternatives.
2026-07-03,West,Product D,Checkout was easy and payment worked well.
2026-07-04,North,Product A,Product was out of stock when I tried to buy it.
2026-07-04,North,Product B,Checkout was easy and payment worked well.
2026-07-04,North,Product B,The price felt expensive compared with alternatives.
2026-07-04,North,Product C,Delivery was late and the packaging was damaged.
2026-07-04,North,Product C,Delivery was fast and the product was good.
2026-07-04,North,Product C,The price felt expensive compared with alternatives.
2026-07-04,North,Product D,The product quality was poor and I want a return.
2026-07-04,North,Product D,Checkout was easy and payment worked well.
2026-07-04,North,Product D,Delivery was late and the packaging was damaged.
2026-07-04,South,Product A,Product was out of stock when I tried to buy it.
2026-07-04,South,Product A,The product quality was poor and I want a return.
2026-07-04,South,Product B,Checkout was easy and payment worked well.
2026-07-04,South,Product C,Checkout was easy and payment worked well.
2026-07-04,South,Product D,The price felt expensive compared with alternatives.
2026-07-04,South,Product D,Delivery was late and the packaging was damaged.
2026-07-04,East,Product A,Checkout was easy and payment worked well.
2026-07-04,East,Product B,Checkout was easy and payment worked well.
2026-07-04,East,Product B,The price felt expensive compared with alternatives.
2026-07-04,East,Product B,Very happy with the purchase and fast delivery.
2026-07-04,East,Product C,Delivery was fast and the product was good.
2026-07-04,East,Product C,The price felt expensive compared with alternatives.
2026-07-04,East,Product C,Delivery was fast and the product was good.
2026-07-04,East,Product D,Checkout was easy and payment worked well.
2026-07-04,East,Product D,Product was out of stock when I tried to buy it.
2026-07-04,West,Product A,Very happy with the purchase and fast delivery.
2026-07-04,West,Product B,Delivery was fast and the product was good.
2026-07-04,West,Product B,Delivery was late and the packaging was damaged.
2026-07-04,West,Product C,The product quality was poor and I want a return.
2026-07-04,West,Product C,Delivery was fast and the product was good.
2026-07-04,West,Product D,Delivery was late and the packaging was damaged.
2026-07-05,North,Product A,Delivery was fast and the product was good.
2026-07-05,North,Product A,Checkout was easy and payment worked well.
2026-07-05,North,Product B,Delivery was late and the packaging was damaged.
2026-07-05,North,Product B,The price felt expensive compared with alternatives.
2026-07-05,North,Product C,Product was out of stock when I tried to buy it.
2026-07-05,North,Product D,Delivery was fast and the product was good.
2026-07-05,North,Product D,Delivery was fast and the product was good.
2026-07-05,South,Product A,Very happy with the purchase and fast delivery.
2026-07-05,South,Product A,The product quality was poor and I want a return.
2026-07-05,South,Product A,The price felt expensive compared with alternatives.
2026-07-05,South,Product B,Product was out of stock when I tried to buy it.
2026-07-05,South,Product C,The product quality was poor and I want a return.
2026-07-05,South,Product C,Delivery was fast and the product was good.
2026-07-05,South,Product D,Checkout was easy and payment worked well.
2026-07-05,East,Product A,Delivery was fast and the product was good.
2026-07-05,East,Product A,The product quality was poor and I want a return.
2026-07-05,East,Product A,Delivery was fast and the product was good.
2026-07-05,East,Product B,The price felt expensive compared with alternatives.
2026-07-05,East,Product B,Checkout was easy and payment worked well.
2026-07-05,East,Product B,Delivery was fast and the product was good.
2026-07-05,East,Product C,Very happy with the purchase and fast delivery.
2026-07-05,East,Product C,The price felt expensive compared with alternatives.
2026-07-05,East,Product C,Delivery was late and the packaging was damaged.
2026-07-05,East,Product D,Very happy with the purchase and fast delivery.
2026-07-05,East,Product D,Delivery was fast and the product was good.
2026-07-05,East,Product D,Checkout was easy and payment worked well.
2026-07-05,West,Product A,The price felt expensive compared with alternatives.
2026-07-05,West,Product A,The product quality was poor and I want a return.
2026-07-05,West,Product B,The product quality was poor and I want a return.
2026-07-05,West,Product B,The price felt expensive compared with alternatives.
2026-07-05,West,Product C,Very happy with the purchase and fast delivery.
2026-07-05,West,Product C,Product was out of stock when I tried to buy it.
2026-07-05,West,Product D,Delivery was fast and the product was good.
2026-07-06,North,Product A,Product was out of stock when I tried to buy it.
2026-07-06,North,Product A,The price felt expensive compared with alternatives.
2026-07-06,North,Product B,The product quality was poor and I want a return.
2026-07-06,North,Product B,Delivery was fast and the product was good.
2026-07-06,North,Product B,The price felt expensive compared with alternatives.
2026-07-06,North,Product C,The price felt expensive compared with alternatives.
2026-07-06,North,Product C,Very happy with the purchase and fast delivery.
2026-07-06,North,Product D,Delivery was fast and the product was good.
2026-07-06,North,Product D,Delivery was late and the packaging was damaged.
2026-07-06,North,Product D,Checkout was easy and payment worked well.
2026-07-06,South,Product A,The product quality was poor and I want a return.
2026-07-06,South,Product A,Checkout was easy and payment worked well.
2026-07-06,South,Product A,Checkout was easy and payment worked well.
2026-07-06,South,Product B,Delivery was late and the packaging was damaged.
2026-07-06,South,Product B,The price felt expensive compared with alternatives.
2026-07-06,South,Product B,Product was out of stock when I tried to buy it.
2026-07-06,South,Product C,Very happy with the purchase and fast delivery.
2026-07-06,South,Product C,Delivery was fast and the product was good.
2026-07-06,South,Product D,The price felt expensive compared with alternatives.
2026-07-06,South,Product D,Checkout was easy and payment worked well.
2026-07-06,South,Product D,Delivery was late and the packaging was damaged.
2026-07-06,East,Product A,Delivery was fast and the product was good.
2026-07-06,East,Product A,Very happy with the purchase and fast delivery.
2026-07-06,East,Product B,Delivery was late and the packaging was damaged.
2026-07-06,East,Product C,The price felt expensive compared with alternatives.
2026-07-06,East,Product C,Checkout was easy and payment worked well.
2026-07-06,East,Product C,Delivery was fast and the product was good.
2026-07-06,East,Product D,Delivery was fast and the product was good.
2026-07-06,West,Product A,Delivery was fast and the product was good.
2026-07-06,West,Product A,Delivery was fast and the product was good.
2026-07-06,West,Product B,Product was out of stock when I tried to buy it.
2026-07-06,West,Product C,Delivery was late and the packaging was damaged.
2026-07-06,West,Product D,The price felt expensive compared with alternatives.
2026-07-07,North,Product A,Delivery was fast and the product was good.
2026-07-07,North,Product B,The product quality was poor and I want a return.
2026-07-07,North,Product B,Very happy with the purchase and fast delivery.
2026-07-07,North,Product B,Product was out of stock when I tried to buy it.
2026-07-07,North,Product C,The price felt expensive compared with alternatives.
2026-07-07,North,Product C,The product quality was poor and I want a return.
2026-07-07,North,Product D,The price felt expensive compared with alternatives.
2026-07-07,South,Product A,Product was out of stock when I tried to buy it.
2026-07-07,South,Product A,Product was out of stock when I tried to buy it.
2026-07-07,South,Product B,Product was out of stock when I tried to buy it.
2026-07-07,South,Product B,Checkout was easy and payment worked well.
2026-07-07,South,Product B,Product was out of stock when I tried to buy it.
2026-07-07,South,Product C,Delivery was late and the packaging was damaged.
2026-07-07,South,Product C,Checkout was easy and payment worked well.
2026-07-07,South,Product D,Delivery was late and the packaging was damaged.
2026-07-07,South,Product D,Delivery was fast and the product was good.
2026-07-07,East,Product A,Product was out of stock when I tried to buy it.
2026-07-07,East,Product A,Checkout was easy and payment worked well.
2026-07-07,East,Product B,The product quality was poor and I want a return.
2026-07-07,East,Product B,The price felt expensive compared with alternatives.
2026-07-07,East,Product B,The price felt expensive compared with alternatives.
2026-07-07,East,Product C,Very happy with the purchase and fast delivery.
2026-07-07,East,Product D,Product was out of stock when I tried to buy it.
2026-07-07,West,Product A,Delivery was fast and the product was good.
2026-07-07,West,Product A,Product was out of stock when I tried to buy it.
2026-07-07,West,Product B,Delivery was fast and the product was good.
2026-07-07,West,Product B,The product quality was poor and I want a return.
2026-07-07,West,Product B,The product quality was poor and I want a return.
2026-07-07,West,Product C,Delivery was late and the packaging was damaged.
2026-07-07,West,Product C,Very happy with the purchase and fast delivery.
2026-07-07,West,Product C,Product was out of stock when I tried to buy it.
2026-07-07,West,Product D,Delivery was late and the packaging was damaged.
2026-07-08,North,Product A,The product quality was poor and I want a return.
2026-07-08,North,Product A,The price felt expensive compared with alternatives.
2026-07-08,North,Product B,The product quality was poor and I want a return.
2026-07-08,North,Product C,Delivery was fast and the product was good.
2026-07-08,North,Product C,Checkout was easy and payment worked well.
2026-07-08,North,Product C,Delivery was fast and the product was good.
2026-07-08,North,Product D,Very happy with the purchase and fast delivery.
2026-07-08,North,Product D,Delivery was late and the packaging was damaged.
2026-07-08,South,Product A,Delivery was fast and the product was good.
2026-07-08,South,Product A,Delivery was late and the packaging was damaged.
2026-07-08,South,Product A,Checkout was easy and payment worked well.
2026-07-08,South,Product B,Very happy with the purchase and fast delivery.
2026-07-08,South,Product B,Delivery was late and the packaging was damaged.
2026-07-08,South,Product C,Product was out of stock when I tried to buy it.
2026-07-08,South,Product C,Very happy with the purchase and fast delivery.
2026-07-08,South,Product D,The product quality was poor and I want a return.
2026-07-08,East,Product A,Product was out of stock when I tried to buy it.
2026-07-08,East,Product B,Delivery was fast and the product was good.
2026-07-08,East,Product B,The product quality was poor and I want a return.
2026-07-08,East,Product C,Product was out of stock when I tried to buy it.
2026-07-08,East,Product C,Checkout was easy and payment worked well.
2026-07-08,East,Product C,Product was out of stock when I tried to buy it.
2026-07-08,East,Product D,Very happy with the purchase and fast delivery.
2026-07-08,East,Product D,Checkout was easy and payment worked well.
2026-07-08,East,Product D,Very happy with the purchase and fast delivery.
2026-07-08,West,Product A,Very happy with the purchase and fast delivery.
2026-07-08,West,Product B,The product quality was poor and I want a return.
2026-07-08,West,Product B,The price felt expensive compared with alternatives.
2026-07-08,West,Product C,Delivery was fast and the product was good.
2026-07-08,West,Product D,Delivery was fast and the product was good.
2026-07-09,North,Product A,Checkout was easy and payment worked well.
2026-07-09,North,Product B,Delivery was fast and the product was good.
2026-07-09,North,Product C,Delivery was fast and the product was good.
2026-07-09,North,Product C,Delivery was fast and the product was good.
2026-07-09,North,Product C,Checkout was easy and payment worked well.
2026-07-09,North,Product D,Delivery was late and the packaging was damaged.
2026-07-09,North,Product D,Delivery was fast and the product was good.
2026-07-09,North,Product D,The price felt expensive compared with alternatives.
2026-07-09,South,Product A,Delivery was fast and the product was good.
2026-07-09,South,Product B,Checkout was easy and payment worked well.
2026-07-09,South,Product C,Very happy with the purchase and fast delivery.
2026-07-09,South,Product C,The price felt expensive compared with alternatives.
2026-07-09,South,Product C,Checkout was easy and payment worked well.
2026-07-09,South,Product D,Delivery was fast and the product was good.
2026-07-09,South,Product D,Product was out of stock when I tried to buy it.
2026-07-09,East,Product A,The price felt expensive compared with alternatives.
2026-07-09,East,Product B,Very happy with the purchase and fast delivery.
2026-07-09,East,Product B,Delivery was late and the packaging was damaged.
2026-07-09,East,Product C,Checkout was easy and payment worked well.
2026-07-09,East,Product D,The product quality was poor and I want a return.
2026-07-09,West,Product A,Checkout was easy and payment worked well.
2026-07-09,West,Product A,Very happy with the purchase and fast delivery.
2026-07-09,West,Product B,Delivery was fast and the product was good.
2026-07-09,West,Product B,Delivery was late and the packaging was damaged.
2026-07-09,West,Product C,The product quality was poor and I want a return.
2026-07-09,West,Product C,Product was out of stock when I tried to buy it.
2026-07-09,West,Product C,The product quality was poor and I want a return.
2026-07-09,West,Product D,Checkout was easy and payment worked well.
2026-07-10,North,Product A,Delivery was late and the packaging was damaged.
2026-07-10,North,Product B,The price felt expensive compared with alternatives.
2026-07-10,North,Product C,Delivery was fast and the product was good.
2026-07-10,North,Product C,Checkout was easy and payment worked well.
2026-07-10,North,Product C,The price felt expensive compared with alternatives.
2026-07-10,North,Product D,Very happy with the purchase and fast delivery.
2026-07-10,North,Product D,Very happy with the purchase and fast delivery.
2026-07-10,South,Product A,Very happy with the purchase and fast delivery.
2026-07-10,South,Product A,Product was out of stock when I tried to buy it.
2026-07-10,South,Product B,Checkout was easy and payment worked well.
2026-07-10,South,Product B,The product quality was poor and I want a return.
2026-07-10,South,Product C,Checkout was easy and payment worked well.
2026-07-10,South,Product C,The price felt expensive compared with alternatives.
2026-07-10,South,Product D,Product was out of stock when I tried to buy it.
2026-07-10,East,Product A,Delivery was late and the packaging was damaged.
2026-07-10,East,Product A,The product quality was poor and I want a return.
2026-07-10,East,Product A,The product quality was poor and I want a return.
2026-07-10,East,Product B,Delivery was fast and the product was good.
2026-07-10,East,Product B,The price felt expensive compared with alternatives.
2026-07-10,East,Product C,Delivery was fast and the product was good.
2026-07-10,East,Product C,Checkout was easy and payment worked well.
2026-07-10,East,Product D,Checkout was easy and payment worked well.
2026-07-10,East,Product D,The product quality was poor and I want a return.
2026-07-10,West,Product A,Product was out of stock when I tried to buy it.
2026-07-10,West,Product B,Delivery was late and the packaging was damaged.
2026-07-10,West,Product C,The price felt expensive compared with alternatives.
2026-07-10,West,Product C,Delivery was fast and the product was good.
2026-07-10,West,Product C,Checkout was easy and payment worked well.
2026-07-10,West,Product D,Delivery was fast and the product was good.
2026-07-10,West,Product D,Checkout was easy and payment worked well.
2026-07-10,West,Product D,Delivery was late and the packaging was damaged.
2026-07-11,North,Product A,Delivery was fast and the product was good.
2026-07-11,North,Product A,Very happy with the purchase and fast delivery.
2026-07-11,North,Product B,Checkout was easy and payment worked well.
2026-07-11,North,Product B,Delivery was fast and the product was good.
2026-07-11,North,Product C,Delivery was late and the packaging was damaged.
2026-07-11,North,Product C,Delivery was late and the packaging was damaged.
2026-07-11,North,Product C,Very happy with the purchase and fast delivery.
2026-07-11,North,Product D,Very happy with the purchase and fast delivery.
2026-07-11,South,Product A,The product quality was poor and I want a return.
2026-07-11,South,Product A,Checkout was easy and payment worked well.
2026-07-11,South,Product B,The price felt expensive compared with alternatives.
2026-07-11,South,Product B,Product was out of stock when I tried to buy it.
2026-07-11,South,Product C,Product was out of stock when I tried to buy it.
2026-07-11,South,Product C,Very happy with the purchase and fast delivery.
2026-07-11,South,Product D,Delivery was fast and the product was good.
2026-07-11,South,Product D,Checkout was easy and payment worked well.
2026-07-11,East,Product A,Delivery was fast and the product was good.
2026-07-11,East,Product B,Checkout was easy and payment worked well.
2026-07-11,East,Product C,Delivery was fast and the product was good.
2026-07-11,East,Product C,Delivery was fast and the product was good.
2026-07-11,East,Product D,The price felt expensive compared with alternatives.
2026-07-11,East,Product D,Delivery was fast and the product was good.
2026-07-11,West,Product A,Delivery was late and the packaging was damaged.
2026-07-11,West,Product B,Checkout was easy and payment worked well.
2026-07-11,West,Product C,The price felt expensive compared with alternatives.
2026-07-11,West,Product C,Delivery was late and the packaging was damaged.
2026-07-11,West,Product C,Delivery was late and the packaging was damaged.
2026-07-11,West,Product D,Delivery was fast and the product was good.
2026-07-11,West,Product D,Delivery was fast and the product was good.
2026-07-11,West,Product D,Delivery was late and the packaging was damaged.
2026-07-12,North,Product A,Checkout was easy and payment worked well.
2026-07-12,North,Product A,Delivery was fast and the product was good.
2026-07-12,North,Product A,Checkout was easy and payment worked well.
2026-07-12,North,Product B,Checkout was easy and payment worked well.
2026-07-12,North,Product C,Delivery was late and the packaging was damaged.
2026-07-12,North,Product D,Delivery was late and the packaging was damaged.
2026-07-12,North,Product D,Product was out of stock when I tried to buy it.
2026-07-12,South,Product A,The price felt expensive compared with alternatives.
2026-07-12,South,Product A,Checkout was easy and payment worked well.
2026-07-12,South,Product A,Delivery was late and the packaging was damaged.
2026-07-12,South,Product B,Product was out of stock when I tried to buy it.
2026-07-12,South,Product B,Very happy with the purchase and fast delivery.
2026-07-12,South,Product C,Product was out of stock when I tried to buy it.
2026-07-12,South,Product D,Checkout was easy and payment worked well.
2026-07-12,East,Product A,Checkout was easy and payment worked well.
2026-07-12,East,Product B,Checkout was easy and payment worked well.
2026-07-12,East,Product B,Product was out of stock when I tried to buy it.
2026-07-12,East,Product C,Very happy with the purchase and fast delivery.
2026-07-12,East,Product D,Very happy with the purchase and fast delivery.
2026-07-12,East,Product D,Very happy with the purchase and fast delivery.
2026-07-12,East,Product D,Checkout was easy and payment worked well.
2026-07-12,West,Product A,Delivery was fast and the product was good.
2026-07-12,West,Product A,Very happy with the purchase and fast delivery.
2026-07-12,West,Product A,The price felt expensive compared with alternatives.
2026-07-12,West,Product B,Delivery was late and the packaging was damaged.
2026-07-12,West,Product B,The product quality was poor and I want a return.
2026-07-12,West,Product C,The product quality was poor and I want a return.
2026-07-12,West,Product C,Checkout was easy and payment worked well.
2026-07-12,West,Product D,The price felt expensive compared with alternatives.
2026-07-13,North,Product A,Product was out of stock when I tried to buy it.
2026-07-13,North,Product B,Delivery was late and the packaging was damaged.
2026-07-13,North,Product C,Checkout was easy and payment worked well.
2026-07-13,North,Product C,Very happy with the purchase and fast delivery.
2026-07-13,North,Product C,Delivery was fast and the product was good.
2026-07-13,North,Product D,Product was out of stock when I tried to buy it.
2026-07-13,South,Product A,The product quality was poor and I want a return.
2026-07-13,South,Product B,The price felt expensive compared with alternatives.
2026-07-13,South,Product B,Delivery was fast and the product was good.
2026-07-13,South,Product B,Delivery was fast and the product was good.
2026-07-13,South,Product C,Product was out of stock when I tried to buy it.
2026-07-13,South,Product C,Very happy with the purchase and fast delivery.
2026-07-13,South,Product C,Very happy with the purchase and fast delivery.
2026-07-13,South,Product D,Delivery was fast and the product was good.
2026-07-13,South,Product D,Checkout was easy and payment worked well.
2026-07-13,South,Product D,The product quality was poor and I want a return.
2026-07-13,East,Product A,Checkout was easy and payment worked well.
2026-07-13,East,Product A,Delivery was fast and the product was good.
2026-07-13,East,Product B,The product quality was poor and I want a return.
2026-07-13,East,Product C,Delivery was fast and the product was good.
2026-07-13,East,Product C,Product was out of stock when I tried to buy it.
2026-07-13,East,Product D,Checkout was easy and payment worked well.
2026-07-13,East,Product D,Delivery was fast and the product was good.
2026-07-13,West,Product A,Delivery was fast and the product was good.
2026-07-13,West,Product B,The price felt expensive compared with alternatives.
2026-07-13,West,Product B,Delivery was fast and the product was good.
2026-07-13,West,Product B,Very happy with the purchase and fast delivery.
2026-07-13,West,Product C,Very happy with the purchase and fast delivery.
2026-07-13,West,Product C,Product was out of stock when I tried to buy it.
2026-07-13,West,Product C,The price felt expensive compared with alternatives.
2026-07-13,West,Product D,Delivery was fast and the product was good.
2026-07-14,North,Product A,Checkout was easy and payment worked well.
2026-07-14,North,Product B,Product was out of stock when I tried to buy it.
2026-07-14,North,Product B,Product was out of stock when I tried to buy it.
2026-07-14,North,Product C,Delivery was fast and the product was good.
2026-07-14,North,Product C,Very happy with the purchase and fast delivery.
2026-07-14,North,Product C,The product quality was poor and I want a return.
2026-07-14,North,Product D,Checkout was easy and payment worked well.
2026-07-14,North,Product D,Checkout was easy and payment worked well.
2026-07-14,North,Product D,Delivery was late and the packaging was damaged.
2026-07-14,South,Product A,Very happy with the purchase and fast delivery.
2026-07-14,South,Product A,Very happy with the purchase and fast delivery.
2026-07-14,South,Product B,Very happy with the purchase and fast delivery.
2026-07-14,South,Product B,Very happy with the purchase and fast delivery.
2026-07-14,South,Product C,The product quality was poor and I want a return.
2026-07-14,South,Product C,Checkout was easy and payment worked well.
2026-07-14,South,Product D,The product quality was poor and I want a return.
2026-07-14,South,Product D,Delivery was fast and the product was good.
2026-07-14,South,Product D,Checkout was easy and payment worked well.
2026-07-14,East,Product A,The price felt expensive compared with alternatives.
2026-07-14,East,Product B,Delivery was fast and the product was good.
2026-07-14,East,Product B,The product quality was poor and I want a return.
2026-07-14,East,Product B,Delivery was fast and the product was good.
2026-07-14,East,Product C,Checkout was easy and payment worked well.
2026-07-14,East,Product D,The product quality was poor and I want a return.
2026-07-14,West,Product A,The product quality was poor and I want a return.
2026-07-14,West,Product B,The product quality was poor and I want a return.
2026-07-14,West,Product C,The product quality was poor and I want a return.
2026-07-14,West,Product C,Very happy with the purchase and fast delivery.
2026-07-14,West,Product C,Delivery was late and the packaging was damaged.
2026-07-14,West,Product D,Product was out of stock when I tried to buy it.
2026-07-14,West,Product D,Delivery was fast and the product was good.
2026-07-15,North,Product A,The product quality was poor and I want a return.
2026-07-15,North,Product A,Very happy with the purchase and fast delivery.
2026-07-15,North,Product B,The price felt expensive compared with alternatives.
2026-07-15,North,Product B,Product was out of stock when I tried to buy it.
2026-07-15,North,Product B,Very happy with the purchase and fast delivery.
2026-07-15,North,Product C,Very happy with the purchase and fast delivery.
2026-07-15,North,Product D,The price felt expensive compared with alternatives.
2026-07-15,North,Product D,The price felt expensive compared with alternatives.
2026-07-15,North,Product D,Delivery was fast and the product was good.
2026-07-15,South,Product A,Product was out of stock when I tried to buy it.
2026-07-15,South,Product A,Delivery was fast and the product was good.
2026-07-15,South,Product B,The price felt expensive compared with alternatives.
2026-07-15,South,Product B,Delivery was late and the packaging was damaged.
2026-07-15,South,Product C,Checkout was easy and payment worked well.
2026-07-15,South,Product D,The product quality was poor and I want a return.
2026-07-15,South,Product D,Checkout was easy and payment worked well.
2026-07-15,East,Product A,The price felt expensive compared with alternatives.
2026-07-15,East,Product B,Delivery was fast and the product was good.
2026-07-15,East,Product B,The product quality was poor and I want a return.
2026-07-15,East,Product C,Delivery was late and the packaging was damaged.
2026-07-15,East,Product C,Product was out of stock when I tried to buy it.
2026-07-15,East,Product C,Delivery was late and the packaging was damaged.
2026-07-15,East,Product D,Very happy with the purchase and fast delivery.
2026-07-15,West,Product A,Delivery was late and the packaging was damaged.
2026-07-15,West,Product B,The product quality was poor and I want a return.
2026-07-15,West,Product C,Delivery was fast and the product was good.
2026-07-15,West,Product D,Product was out of stock when I tried to buy it.
2026-07-16,North,Product A,Checkout was easy and payment worked well.
2026-07-16,North,Product B,Very happy with the purchase and fast delivery.
2026-07-16,North,Product B,The price felt expensive compared with alternatives.
2026-07-16,North,Product C,The price felt expensive compared with alternatives.
2026-07-16,North,Product D,Very happy with the purchase and fast delivery.
2026-07-16,South,Product A,Delivery was late and the packaging was damaged.
2026-07-16,South,Product A,The product quality was poor and I want a return.
2026-07-16,South,Product B,The price felt expensive compared with alternatives.
2026-07-16,South,Product C,The product quality was poor and I want a return.
2026-07-16,South,Product C,Delivery was late and the packaging was damaged.
2026-07-16,South,Product D,Very happy with the purchase and fast delivery.
2026-07-16,East,Product A,Product was out of stock when I tried to buy it.
2026-07-16,East,Product A,The price felt expensive compared with alternatives.
2026-07-16,East,Product A,Very happy with the purchase and fast delivery.
2026-07-16,East,Product B,Very happy with the purchase and fast delivery.
2026-07-16,East,Product C,Product was out of stock when I tried to buy it.
2026-07-16,East,Product C,Product was out of stock when I tried to buy it.
2026-07-16,East,Product D,Very happy with the purchase and fast delivery.
2026-07-16,East,Product D,Checkout was easy and payment worked well.
2026-07-16,West,Product A,Product was out of stock when I tried to buy it.
2026-07-16,West,Product B,Checkout was easy and payment worked well.
2026-07-16,West,Product B,Checkout was easy and payment worked well.
2026-07-16,West,Product B,Delivery was fast and the product was good.
2026-07-16,West,Product C,Product was out of stock when I tried to buy it.
2026-07-16,West,Product C,Delivery was late and the packaging was damaged.
2026-07-16,West,Product C,Very happy with the purchase and fast delivery.
2026-07-16,West,Product D,Very happy with the purchase and fast delivery.
2026-07-16,West,Product D,Very happy with the purchase and fast delivery.
2026-07-16,West,Product D,Very happy with the purchase and fast delivery.
2026-07-17,North,Product A,Delivery was fast and the product was good.
2026-07-17,North,Product A,The product quality was poor and I want a return.
2026-07-17,North,Product A,The product quality was poor and I want a return.
2026-07-17,North,Product B,Checkout was easy and payment worked well.
2026-07-17,North,Product C,The price felt expensive compared with alternatives.
2026-07-17,North,Product C,The price felt expensive compared with alternatives.
2026-07-17,North,Product D,Product was out of stock when I tried to buy it.
2026-07-17,North,Product D,The product quality was poor and I want a return.
2026-07-17,North,Product D,Very happy with the purchase and fast delivery.
2026-07-17,South,Product A,Delivery was late and the packaging was damaged.
2026-07-17,South,Product A,Very happy with the purchase and fast delivery.
2026-07-17,South,Product A,The price felt expensive compared with alternatives.
2026-07-17,South,Product B,The price felt expensive compared with alternatives.
2026-07-17,South,Product C,The price felt expensive compared with alternatives.
2026-07-17,South,Product C,The price felt expensive compared with alternatives.
2026-07-17,South,Product C,Checkout was easy and payment worked well.
2026-07-17,South,Product D,Very happy with the purchase and fast delivery.
2026-07-17,South,Product D,Product was out of stock when I tried to buy it.
2026-07-17,South,Product D,The price felt expensive compared with alternatives.
2026-07-17,East,Product A,Product was out of stock when I tried to buy it.
2026-07-17,East,Product A,Very happy with the purchase and fast delivery.
2026-07-17,East,Product B,Product was out of stock when I tried to buy it.
2026-07-17,East,Product C,Product was out of stock when I tried to buy it.
2026-07-17,East,Product C,Delivery was late and the packaging was damaged.
2026-07-17,East,Product C,Product was out of stock when I tried to buy it.
2026-07-17,East,Product D,Delivery was late and the packaging was damaged.
2026-07-17,East,Product D,Very happy with the purchase and fast delivery.
2026-07-17,West,Product A,The product quality was poor and I want a return.
2026-07-17,West,Product A,Delivery was fast and the product was good.
2026-07-17,West,Product A,The price felt expensive compared with alternatives.
2026-07-17,West,Product B,Delivery was late and the packaging was damaged.
2026-07-17,West,Product B,Very happy with the purchase and fast delivery.
2026-07-17,West,Product B,Product was out of stock when I tried to buy it.
2026-07-17,West,Product C,Product was out of stock when I tried to buy it.
2026-07-17,West,Product C,The price felt expensive compared with alternatives.
2026-07-17,West,Product D,Checkout was easy and payment worked well.
2026-07-18,North,Product A,Delivery was fast and the product was good.
2026-07-18,North,Product A,Delivery was late and the packaging was damaged.
2026-07-18,North,Product B,Product was out of stock when I tried to buy it.
2026-07-18,North,Product B,The product quality was poor and I want a return.
2026-07-18,North,Product C,Checkout was easy and payment worked well.
2026-07-18,North,Product D,Very happy with the purchase and fast delivery.
2026-07-18,North,Product D,Delivery was late and the packaging was damaged.
2026-07-18,South,Product A,Delivery was late and the packaging was damaged.
2026-07-18,South,Product B,Product was out of stock when I tried to buy it.
2026-07-18,South,Product B,The price felt expensive compared with alternatives.
2026-07-18,South,Product B,Very happy with the purchase and fast delivery.
2026-07-18,South,Product C,The product quality was poor and I want a return.
2026-07-18,South,Product D,Delivery was late and the packaging was damaged.
2026-07-18,South,Product D,Very happy with the purchase and fast delivery.
2026-07-18,South,Product D,The price felt expensive compared with alternatives.
2026-07-18,East,Product A,Very happy with the purchase and fast delivery.
2026-07-18,East,Product A,The price felt expensive compared with alternatives.
2026-07-18,East,Product A,The product quality was poor and I want a return.
2026-07-18,East,Product B,Checkout was easy and payment worked well.
2026-07-18,East,Product B,The price felt expensive compared with alternatives.
2026-07-18,East,Product B,The price felt expensive compared with alternatives.
2026-07-18,East,Product C,Checkout was easy and payment worked well.
2026-07-18,East,Product C,Delivery was late and the packaging was damaged.
2026-07-18,East,Product D,Delivery was late and the packaging was damaged.
2026-07-18,East,Product D,Very happy with the purchase and fast delivery.
2026-07-18,East,Product D,The price felt expensive compared with alternatives.
2026-07-18,West,Product A,Checkout was easy and payment worked well.
2026-07-18,West,Product B,The product quality was poor and I want a return.
2026-07-18,West,Product B,The price felt expensive compared with alternatives.
2026-07-18,West,Product C,Delivery was late and the packaging was damaged.
2026-07-18,West,Product D,Delivery was fast and the product was good.
2026-07-18,West,Product D,Checkout was easy and payment worked well.
2026-07-19,North,Product A,The product quality was poor and I want a return.
2026-07-19,North,Product A,Very happy with the purchase and fast delivery.
2026-07-19,North,Product B,The price felt expensive compared with alternatives.
2026-07-19,North,Product B,Delivery was fast and the product was good.
2026-07-19,North,Product B,Product was out of stock when I tried to buy it.
2026-07-19,North,Product C,Delivery was fast and the product was good.
2026-07-19,North,Product C,Checkout was easy and payment worked well.
2026-07-19,North,Product C,The price felt expensive compared with alternatives.
2026-07-19,North,Product D,The price felt expensive compared with alternatives.
2026-07-19,North,Product D,Product was out of stock when I tried to buy it.
2026-07-19,North,Product D,Checkout was easy and payment worked well.
2026-07-19,South,Product A,Delivery was fast and the product was good.
2026-07-19,South,Product A,The price felt expensive compared with alternatives.
2026-07-19,South,Product A,Very happy with the purchase and fast delivery.
2026-07-19,South,Product B,Delivery was fast and the product was good.
2026-07-19,South,Product B,Delivery was late and the packaging was damaged.
2026-07-19,South,Product C,The price felt expensive compared with alternatives.
2026-07-19,South,Product C,Checkout was easy and payment worked well.
2026-07-19,South,Product D,The price felt expensive compared with alternatives.
2026-07-19,South,Product D,Product was out of stock when I tried to buy it.
2026-07-19,South,Product D,Delivery was late and the packaging was damaged.
2026-07-19,East,Product A,Checkout was easy and payment worked well.
2026-07-19,East,Product A,Very happy with the purchase and fast delivery.
2026-07-19,East,Product A,Delivery was fast and the product was good.
2026-07-19,East,Product B,The price felt expensive compared with alternatives.
2026-07-19,East,Product C,Delivery was fast and the product was good.
2026-07-19,East,Product C,Product was out of stock when I tried to buy it.
2026-07-19,East,Product D,Checkout was easy and payment worked well.
2026-07-19,West,Product A,Checkout was easy and payment worked well.
2026-07-19,West,Product B,The product quality was poor and I want a return.
2026-07-19,West,Product C,The price felt expensive compared with alternatives.
2026-07-19,West,Product D,Checkout was easy and payment worked well.
2026-07-19,West,Product D,The price felt expensive compared with alternatives.
2026-07-20,North,Product A,Very happy with the purchase and fast delivery.
2026-07-20,North,Product B,Very happy with the purchase and fast delivery.
2026-07-20,North,Product B,Delivery was fast and the product was good.
2026-07-20,North,Product C,Product was out of stock when I tried to buy it.
2026-07-20,North,Product C,The product quality was poor and I want a return.
2026-07-20,North,Product D,Product was out of stock when I tried to buy it.
2026-07-20,North,Product D,Product was out of stock when I tried to buy it.
2026-07-20,South,Product A,Product was out of stock when I tried to buy it.
2026-07-20,South,Product A,Delivery was fast and the product was good.
2026-07-20,South,Product B,Delivery was fast and the product was good.
2026-07-20,South,Product C,Very happy with the purchase and fast delivery.
2026-07-20,South,Product D,Checkout was easy and payment worked well.
2026-07-20,South,Product D,Delivery was late and the packaging was damaged.
2026-07-20,East,Product A,Delivery was fast and the product was good.
2026-07-20,East,Product A,Very happy with the purchase and fast delivery.
2026-07-20,East,Product A,Delivery was late and the packaging was damaged.
2026-07-20,East,Product B,The price felt expensive compared with alternatives.
2026-07-20,East,Product B,Very happy with the purchase and fast delivery.
2026-07-20,East,Product B,Delivery was late and the packaging was damaged.
2026-07-20,East,Product C,Checkout was easy and payment worked well.
2026-07-20,East,Product C,Product was out of stock when I tried to buy it.
2026-07-20,East,Product C,Checkout was easy and payment worked well.
2026-07-20,East,Product D,The price felt expensive compared with alternatives.
2026-07-20,East,Product D,Very happy with the purchase and fast delivery.
2026-07-20,East,Product D,Delivery was fast and the product was good.
2026-07-20,West,Product A,Delivery was late and the packaging was damaged.
2026-07-20,West,Product A,Very happy with the purchase and fast delivery.
2026-07-20,West,Product B,Very happy with the purchase and fast delivery.
2026-07-20,West,Product B,The product quality was poor and I want a return.
2026-07-20,West,Product C,Checkout was easy and payment worked well.
2026-07-20,West,Product C,The price felt expensive compared with alternatives.
2026-07-20,West,Product D,Product was out of stock when I tried to buy it.
2026-07-20,West,Product D,Delivery was late and the packaging was damaged.
2026-07-21,North,Product A,Delivery was fast and the product was good.
2026-07-21,North,Product B,The price felt expensive compared with alternatives.
2026-07-21,North,Product B,Delivery was fast and the product was good.
2026-07-21,North,Product B,The price felt expensive compared with alternatives.
2026-07-21,North,Product C,The price felt expensive compared with alternatives.
2026-07-21,North,Product C,Product was out of stock when I tried to buy it.
2026-07-21,North,Product D,Delivery was fast and the product was good.
2026-07-21,South,Product A,The price felt expensive compared with alternatives.
2026-07-21,South,Product A,The price felt expensive compared with alternatives.
2026-07-21,South,Product B,Delivery was late and the packaging was damaged.
2026-07-21,South,Product C,Checkout was easy and payment worked well.
2026-07-21,South,Product D,The product quality was poor and I want a return.
2026-07-21,East,Product A,Delivery was fast and the product was good.
2026-07-21,East,Product B,Checkout was easy and payment worked well.
2026-07-21,East,Product B,The product quality was poor and I want a return.
2026-07-21,East,Product C,Delivery was late and the packaging was damaged.
2026-07-21,East,Product C,Delivery was late and the packaging was damaged.
2026-07-21,East,Product D,Product was out of stock when I tried to buy it.
2026-07-21,West,Product A,Product was out of stock when I tried to buy it.
2026-07-21,West,Product A,Delivery was fast and the product was good.
2026-07-21,West,Product B,The price felt expensive compared with alternatives.
2026-07-21,West,Product B,The price felt expensive compared with alternatives.
2026-07-21,West,Product C,Product was out of stock when I tried to buy it.
2026-07-21,West,Product D,Product was out of stock when I tried to buy it.
2026-07-21,West,Product D,Delivery was fast and the product was good.
2026-07-21,West,Product D,Very happy with the purchase and fast delivery.
2026-07-22,North,Product A,Delivery was fast and the product was good.
2026-07-22,North,Product A,Delivery was fast and the product was good.
2026-07-22,North,Product A,The product quality was poor and I want a return.
2026-07-22,North,Product B,Delivery was late and the packaging was damaged.
2026-07-22,North,Product B,The price felt expensive compared with alternatives.
2026-07-22,North,Product C,The product quality was poor and I want a return.
2026-07-22,North,Product C,Delivery was fast and the product was good.
2026-07-22,North,Product C,Checkout was easy and payment worked well.
2026-07-22,North,Product D,Product was out of stock when I tried to buy it.
2026-07-22,North,Product D,The product quality was poor and I want a return.
2026-07-22,South,Product A,Delivery was late and the packaging was damaged.
2026-07-22,South,Product A,The product quality was poor and I want a return.
2026-07-22,South,Product B,Product was out of stock when I tried to buy it.
2026-07-22,South,Product C,The product quality was poor and I want a return.
2026-07-22,South,Product C,Delivery was fast and the product was good.
2026-07-22,South,Product D,Very happy with the purchase and fast delivery.
2026-07-22,South,Product D,Delivery was late and the packaging was damaged.
2026-07-22,South,Product D,Delivery was fast and the product was good.
2026-07-22,East,Product A,The product quality was poor and I want a return.
2026-07-22,East,Product A,Very happy with the purchase and fast delivery.
2026-07-22,East,Product B,Delivery was late and the packaging was damaged.
2026-07-22,East,Product C,Delivery was fast and the product was good.
2026-07-22,East,Product C,Delivery was late and the packaging was damaged.
2026-07-22,East,Product C,The product quality was poor and I want a return.
2026-07-22,East,Product D,Delivery was late and the packaging was damaged.
2026-07-22,East,Product D,Checkout was easy and payment worked well.
2026-07-22,East,Product D,The price felt expensive compared with alternatives.
2026-07-22,West,Product A,Delivery was fast and the product was good.
2026-07-22,West,Product A,The product quality was poor and I want a return.
2026-07-22,West,Product B,The product quality was poor and I want a return.
2026-07-22,West,Product B,The product quality was poor and I want a return.
2026-07-22,West,Product C,The product quality was poor and I want a return.
2026-07-22,West,Product C,The product quality was poor and I want a return.
2026-07-22,West,Product D,Delivery was fast and the product was good.
2026-07-22,West,Product D,The price felt expensive compared with alternatives.
2026-07-23,North,Product A,Delivery was fast and the product was good.
2026-07-23,North,Product A,The product quality was poor and I want a return.
2026-07-23,North,Product A,Very happy with the purchase and fast delivery.
2026-07-23,North,Product B,The product quality was poor and I want a return.
2026-07-23,North,Product C,Delivery was fast and the product was good.
2026-07-23,North,Product C,The price felt expensive compared with alternatives.
2026-07-23,North,Product C,Delivery was late and the packaging was damaged.
2026-07-23,North,Product D,Very happy with the purchase and fast delivery.
2026-07-23,North,Product D,Very happy with the purchase and fast delivery.
2026-07-23,South,Product A,Checkout was easy and payment worked well.
2026-07-23,South,Product A,The price felt expensive compared with alternatives.
2026-07-23,South,Product B,Product was out of stock when I tried to buy it.
2026-07-23,South,Product B,Checkout was easy and payment worked well.
2026-07-23,South,Product B,Checkout was easy and payment worked well.
2026-07-23,South,Product C,Delivery was late and the packaging was damaged.
2026-07-23,South,Product C,Delivery was fast and the product was good.
2026-07-23,South,Product D,Checkout was easy and payment worked well.
2026-07-23,South,Product D,Delivery was late and the packaging was damaged.
2026-07-23,South,Product D,Delivery was late and the packaging was damaged.
2026-07-23,East,Product A,Checkout was easy and payment worked well.
2026-07-23,East,Product A,Product was out of stock when I tried to buy it.
2026-07-23,East,Product B,Checkout was easy and payment worked well.
2026-07-23,East,Product B,Very happy with the purchase and fast delivery.
2026-07-23,East,Product C,Delivery was late and the packaging was damaged.
2026-07-23,East,Product D,Product was out of stock when I tried to buy it.
2026-07-23,West,Product A,The product quality was poor and I want a return.
2026-07-23,West,Product A,Checkout was easy and payment worked well.
2026-07-23,West,Product A,Very happy with the purchase and fast delivery.
2026-07-23,West,Product B,Checkout was easy and payment worked well.
2026-07-23,West,Product B,Delivery was late and the packaging was damaged.
2026-07-23,West,Product C,Delivery was late and the packaging was damaged.
2026-07-23,West,Product D,Very happy with the purchase and fast delivery.
2026-07-24,North,Product A,Delivery was fast and the product was good.
2026-07-24,North,Product B,Delivery was late and the packaging was damaged.
2026-07-24,North,Product C,The price felt expensive compared with alternatives.
2026-07-24,North,Product D,The product quality was poor and I want a return.
2026-07-24,South,Product A,Delivery was late and the packaging was damaged.
2026-07-24,South,Product A,Delivery was fast and the product was good.
2026-07-24,South,Product B,The product quality was poor and I want a return.
2026-07-24,South,Product B,The product quality was poor and I want a return.
2026-07-24,South,Product B,Delivery was late and the packaging was damaged.
2026-07-24,South,Product C,Checkout was easy and payment worked well.
2026-07-24,South,Product C,The product quality was poor and I want a return.
2026-07-24,South,Product D,Delivery was late and the packaging was damaged.
2026-07-24,South,Product D,Delivery was fast and the product was good.
2026-07-24,South,Product D,Delivery was fast and the product was good.
2026-07-24,East,Product A,Delivery was fast and the product was good.
2026-07-24,East,Product A,Checkout was easy and payment worked well.
2026-07-24,East,Product A,Product was out of stock when I tried to buy it.
2026-07-24,East,Product B,Delivery was fast and the product was good.
2026-07-24,East,Product C,Product was out of stock when I tried to buy it.
2026-07-24,East,Product D,Checkout was easy and payment worked well.
2026-07-24,East,Product D,Delivery was late and the packaging was damaged.
2026-07-24,East,Product D,Delivery was late and the packaging was damaged.
2026-07-24,West,Product A,The product quality was poor and I want a return.
2026-07-24,West,Product A,Checkout was easy and payment worked well.
2026-07-24,West,Product A,Checkout was easy and payment worked well.
2026-07-24,West,Product B,Delivery was late and the packaging was damaged.
2026-07-24,West,Product B,Product was out of stock when I tried to buy it.
2026-07-24,West,Product B,Checkout was easy and payment worked well.
2026-07-24,West,Product C,Product was out of stock when I tried to buy it.
2026-07-24,West,Product C,Very happy with the purchase and fast delivery.
2026-07-24,West,Product D,Very happy with the purchase and fast delivery.
2026-07-25,North,Product A,Delivery was fast and the product was good.
2026-07-25,North,Product A,The product quality was poor and I want a return.
2026-07-25,North,Product A,The price felt expensive compared with alternatives.
2026-07-25,North,Product B,The price felt expensive compared with alternatives.
2026-07-25,North,Product B,Product was out of stock when I tried to buy it.
2026-07-25,North,Product C,Delivery was late and the packaging was damaged.
2026-07-25,North,Product C,Delivery was fast and the product was good.
2026-07-25,North,Product D,The product quality was poor and I want a return.
2026-07-25,North,Product D,Very happy with the purchase and fast delivery.
2026-07-25,North,Product D,Delivery was fast and the product was good.
2026-07-25,South,Product A,The price felt expensive compared with alternatives.
2026-07-25,South,Product B,Delivery was fast and the product was good.
2026-07-25,South,Product B,The price felt expensive compared with alternatives.
2026-07-25,South,Product C,Very happy with the purchase and fast delivery.
2026-07-25,South,Product C,Checkout was easy and payment worked well.
2026-07-25,South,Product C,Product was out of stock when I tried to buy it.
2026-07-25,South,Product D,Delivery was late and the packaging was damaged.
2026-07-25,South,Product D,Product was out of stock when I tried to buy it.
2026-07-25,South,Product D,Very happy with the purchase and fast delivery.
2026-07-25,East,Product A,Very happy with the purchase and fast delivery.
2026-07-25,East,Product B,The product quality was poor and I want a return.
2026-07-25,East,Product B,The price felt expensive compared with alternatives.
2026-07-25,East,Product B,Product was out of stock when I tried to buy it.
2026-07-25,East,Product C,Delivery was fast and the product was good.
2026-07-25,East,Product C,The price felt expensive compared with alternatives.
2026-07-25,East,Product C,Delivery was late and the packaging was damaged.
2026-07-25,East,Product D,The price felt expensive compared with alternatives.
2026-07-25,East,Product D,Checkout was easy and payment worked well.
2026-07-25,East,Product D,Very happy with the purchase and fast delivery.
2026-07-25,West,Product A,Very happy with the purchase and fast delivery.
2026-07-25,West,Product B,Very happy with the purchase and fast delivery.
2026-07-25,West,Product B,The product quality was poor and I want a return.
2026-07-25,West,Product B,Checkout was easy and payment worked well.
2026-07-25,West,Product C,Checkout was easy and payment worked well.
2026-07-25,West,Product D,The product quality was poor and I want a return.
2026-07-26,North,Product A,Checkout was easy and payment worked well.
2026-07-26,North,Product A,The product quality was poor and I want a return.
2026-07-26,North,Product B,Very happy with the purchase and fast delivery.
2026-07-26,North,Product B,Product was out of stock when I tried to buy it.
2026-07-26,North,Product C,The product quality was poor and I want a return.
2026-07-26,North,Product C,Product was out of stock when I tried to buy it.
2026-07-26,North,Product C,The product quality was poor and I want a return.
2026-07-26,North,Product D,The price felt expensive compared with alternatives.
2026-07-26,South,Product A,Delivery was fast and the product was good.
2026-07-26,South,Product A,Delivery was fast and the product was good.
2026-07-26,South,Product A,Product was out of stock when I tried to buy it.
2026-07-26,South,Product B,Checkout was easy and payment worked well.
2026-07-26,South,Product B,Delivery was late and the packaging was damaged.
2026-07-26,South,Product C,Very happy with the purchase and fast delivery.
2026-07-26,South,Product C,The product quality was poor and I want a return.
2026-07-26,South,Product D,The product quality was poor and I want a return.
2026-07-26,South,Product D,The price felt expensive compared with alternatives.
2026-07-26,South,Product D,Checkout was easy and payment worked well.
2026-07-26,East,Product A,Product was out of stock when I tried to buy it.
2026-07-26,East,Product A,Checkout was easy and payment worked well.
2026-07-26,East,Product B,Very happy with the purchase and fast delivery.
2026-07-26,East,Product B,Delivery was late and the packaging was damaged.
2026-07-26,East,Product C,Delivery was fast and the product was good.
2026-07-26,East,Product C,Delivery was late and the packaging was damaged.
2026-07-26,East,Product C,Very happy with the purchase and fast delivery.
2026-07-26,East,Product D,The price felt expensive compared with alternatives.
2026-07-26,East,Product D,Product was out of stock when I tried to buy it.
2026-07-26,West,Product A,The price felt expensive compared with alternatives.
2026-07-26,West,Product A,Very happy with the purchase and fast delivery.
2026-07-26,West,Product B,Product was out of stock when I tried to buy it.
2026-07-26,West,Product B,Product was out of stock when I tried to buy it.
2026-07-26,West,Product B,Product was out of stock when I tried to buy it.
2026-07-26,West,Product C,Delivery was late and the packaging was damaged.
2026-07-26,West,Product D,Checkout was easy and payment worked well.
2026-07-27,North,Product A,Delivery was late and the packaging was damaged.
2026-07-27,North,Product B,Product was out of stock when I tried to buy it.
2026-07-27,North,Product B,Delivery was fast and the product was good.
2026-07-27,North,Product C,The price felt expensive compared with alternatives.
2026-07-27,North,Product C,Checkout was easy and payment worked well.
2026-07-27,North,Product D,The price felt expensive compared with alternatives.
2026-07-27,North,Product D,Very happy with the purchase and fast delivery.
2026-07-27,South,Product A,Product was out of stock when I tried to buy it.
2026-07-27,South,Product A,Checkout was easy and payment worked well.
2026-07-27,South,Product A,Delivery was fast and the product was good.
2026-07-27,South,Product B,Delivery was late and the packaging was damaged.
2026-07-27,South,Product B,Checkout was easy and payment worked well.
2026-07-27,South,Product C,Delivery was late and the packaging was damaged.
2026-07-27,South,Product C,The product quality was poor and I want a return.
2026-07-27,South,Product D,Very happy with the purchase and fast delivery.
2026-07-27,East,Product A,Delivery was late and the packaging was damaged.
2026-07-27,East,Product B,Product was out of stock when I tried to buy it.
2026-07-27,East,Product B,Delivery was late and the packaging was damaged.
2026-07-27,East,Product C,Delivery was late and the packaging was damaged.
2026-07-27,East,Product D,Delivery was late and the packaging was damaged.
2026-07-27,East,Product D,Delivery was late and the packaging was damaged.
2026-07-27,West,Product A,Delivery was late and the packaging was damaged.
2026-07-27,West,Product A,Checkout was easy and payment worked well.
2026-07-27,West,Product B,The product quality was poor and I want a return.
2026-07-27,West,Product C,The price felt expensive compared with alternatives.
2026-07-27,West,Product C,The price felt expensive compared with alternatives.
2026-07-27,West,Product C,The price felt expensive compared with alternatives.
2026-07-27,West,Product D,The product quality was poor and I want a return.
2026-07-27,West,Product D,The price felt expensive compared with alternatives.
2026-07-28,North,Product A,Product was out of stock when I tried to buy it.
2026-07-28,North,Product A,Very happy with the purchase and fast delivery.
2026-07-28,North,Product B,Delivery was fast and the product was good.
2026-07-28,North,Product C,The price felt expensive compared with alternatives.
2026-07-28,North,Product C,The product quality was poor and I want a return.
2026-07-28,North,Product D,Product was out of stock when I tried to buy it.
2026-07-28,South,Product A,Delivery was late and the packaging was damaged.
2026-07-28,South,Product B,Delivery was fast and the product was good.
2026-07-28,South,Product B,Very happy with the purchase and fast delivery.
2026-07-28,South,Product C,Very happy with the purchase and fast delivery.
2026-07-28,South,Product C,Delivery was late and the packaging was damaged.
2026-07-28,South,Product D,Checkout was easy and payment worked well.
2026-07-28,South,Product D,Delivery was late and the packaging was damaged.
2026-07-28,East,Product A,Delivery was fast and the product was good.
2026-07-28,East,Product A,Very happy with the purchase and fast delivery.
2026-07-28,East,Product A,Very happy with the purchase and fast delivery.
2026-07-28,East,Product B,Delivery was late and the packaging was damaged.
2026-07-28,East,Product B,Very happy with the purchase and fast delivery.
2026-07-28,East,Product C,Product was out of stock when I tried to buy it.
2026-07-28,East,Product D,The price felt expensive compared with alternatives.
2026-07-28,East,Product D,Product was out of stock when I tried to buy it.
2026-07-28,West,Product A,The product quality was poor and I want a return.
2026-07-28,West,Product B,Delivery was late and the packaging was damaged.
2026-07-28,West,Product C,The product quality was poor and I want a return.
2026-07-28,West,Product C,Very happy with the purchase and fast delivery.
2026-07-28,West,Product D,Delivery was late and the packaging was damaged.
2026-07-28,West,Product D,Very happy with the purchase and fast delivery.
2026-07-29,North,Product A,The price felt expensive compared with alternatives.
2026-07-29,North,Product A,The price felt expensive compared with alternatives.
2026-07-29,North,Product A,Checkout was easy and payment worked well.
2026-07-29,North,Product B,Very happy with the purchase and fast delivery.
2026-07-29,North,Product B,Delivery was fast and the product was good.
2026-07-29,North,Product B,Delivery was late and the packaging was damaged.
2026-07-29,North,Product C,The product quality was poor and I want a return.
2026-07-29,North,Product C,Delivery was fast and the product was good.
2026-07-29,North,Product C,Delivery was fast and the product was good.
2026-07-29,North,Product D,Very happy with the purchase and fast delivery.
2026-07-29,North,Product D,The price felt expensive compared with alternatives.
2026-07-29,South,Product A,Product was out of stock when I tried to buy it.
2026-07-29,South,Product A,Delivery was fast and the product was good.
2026-07-29,South,Product A,Checkout was easy and payment worked well.
2026-07-29,South,Product B,Product was out of stock when I tried to buy it.
2026-07-29,South,Product B,The product quality was poor and I want a return.
2026-07-29,South,Product C,Product was out of stock when I tried to buy it.
2026-07-29,South,Product C,Very happy with the purchase and fast delivery.
2026-07-29,South,Product D,Product was out of stock when I tried to buy it.
2026-07-29,South,Product D,The product quality was poor and I want a return.
2026-07-29,South,Product D,Delivery was late and the packaging was damaged.
2026-07-29,East,Product A,Checkout was easy and payment worked well.
2026-07-29,East,Product A,Checkout was easy and payment worked well.
2026-07-29,East,Product B,Product was out of stock when I tried to buy it.
2026-07-29,East,Product B,Delivery was late and the packaging was damaged.
2026-07-29,East,Product B,Checkout was easy and payment worked well.
2026-07-29,East,Product C,Delivery was late and the packaging was damaged.
2026-07-29,East,Product C,Product was out of stock when I tried to buy it.
2026-07-29,East,Product C,Delivery was fast and the product was good.
2026-07-29,East,Product D,Very happy with the purchase and fast delivery.
2026-07-29,East,Product D,Very happy with the purchase and fast delivery.
2026-07-29,East,Product D,Checkout was easy and payment worked well.
2026-07-29,West,Product A,The product quality was poor and I want a return.
2026-07-29,West,Product A,Delivery was fast and the product was good.
2026-07-29,West,Product A,The product quality was poor and I want a return.
2026-07-29,West,Product B,Delivery was fast and the product was good.
2026-07-29,West,Product C,Very happy with the purchase and fast delivery.
2026-07-29,West,Product D,The price felt expensive compared with alternatives.
2026-07-29,West,Product D,Very happy with the purchase and fast delivery.
2026-07-29,West,Product D,Very happy with the purchase and fast delivery.
2026-07-30,North,Product A,Product was out of stock when I tried to buy it.
2026-07-30,North,Product A,Delivery was late and the packaging was damaged.
2026-07-30,North,Product B,The product quality was poor and I want a return.
2026-07-30,North,Product B,Delivery was late and the packaging was damaged.
2026-07-30,North,Product B,Delivery was fast and the product was good.
2026-07-30,North,Product C,Delivery was late and the packaging was damaged.
2026-07-30,North,Product C,Very happy with the purchase and fast delivery.
2026-07-30,North,Product D,The product quality was poor and I want a return.
2026-07-30,North,Product D,The price felt expensive compared with alternatives.
2026-07-30,South,Product A,The product quality was poor and I want a return.
2026-07-30,South,Product A,Delivery was late and the packaging was damaged.
2026-07-30,South,Product B,The product quality was poor and I want a return.
2026-07-30,South,Product B,The product quality was poor and I want a return.
2026-07-30,South,Product C,Checkout was easy and payment worked well.
2026-07-30,South,Product D,The price felt expensive compared with alternatives.
2026-07-30,East,Product A,Product was out of stock when I tried to buy it.
2026-07-30,East,Product B,The price felt expensive compared with alternatives.
2026-07-30,East,Product B,The price felt expensive compared with alternatives.
2026-07-30,East,Product C,Very happy with the purchase and fast delivery.
2026-07-30,East,Product D,The price felt expensive compared with alternatives.
2026-07-30,West,Product A,Product was out of stock when I tried to buy it.
2026-07-30,West,Product A,Delivery was late and the packaging was damaged.
2026-07-30,West,Product A,Delivery was fast and the product was good.
2026-07-30,West,Product B,Product was out of stock when I tried to buy it.
2026-07-30,West,Product B,Product was out of stock when I tried to buy it.
2026-07-30,West,Product C,Checkout was easy and payment worked well.
2026-07-30,West,Product C,The product quality was poor and I want a return.
2026-07-30,West,Product D,The product quality was poor and I want a return.
2026-07-30,West,Product D,Product was out of stock when I tried to buy it.
2026-07-31,North,Product A,Delivery was fast and the product was good.
2026-07-31,North,Product A,Checkout was easy and payment worked well.
2026-07-31,North,Product B,The product quality was poor and I want a return.
2026-07-31,North,Product C,Very happy with the purchase and fast delivery.
2026-07-31,North,Product C,Product was out of stock when I tried to buy it.
2026-07-31,North,Product C,Product was out of stock when I tried to buy it.
2026-07-31,North,Product D,The product quality was poor and I want a return.
2026-07-31,North,Product D,The product quality was poor and I want a return.
2026-07-31,North,Product D,Very happy with the purchase and fast delivery.
2026-07-31,South,Product A,Very happy with the purchase and fast delivery.
2026-07-31,South,Product A,The product quality was poor and I want a return.
2026-07-31,South,Product A,Delivery was fast and the product was good.
2026-07-31,South,Product B,The price felt expensive compared with alternatives.
2026-07-31,South,Product C,Delivery was late and the packaging was damaged.
2026-07-31,South,Product D,The product quality was poor and I want a return.
2026-07-31,East,Product A,Checkout was easy and payment worked well.
2026-07-31,East,Product A,Product was out of stock when I tried to buy it.
2026-07-31,East,Product B,Delivery was fast and the product was good.
2026-07-31,East,Product C,The price felt expensive compared with alternatives.
2026-07-31,East,Product C,The product quality was poor and I want a return.
2026-07-31,East,Product C,The product quality was poor and I want a return.
2026-07-31,East,Product D,The price felt expensive compared with alternatives.
2026-07-31,East,Product D,The price felt expensive compared with alternatives.
2026-07-31,West,Product A,Delivery was fast and the product was good.
2026-07-31,West,Product B,Delivery was late and the packaging was damaged.
2026-07-31,West,Product C,Checkout was easy and payment worked well.
2026-07-31,West,Product D,Product was out of stock when I tried to buy it.
2026-07-31,West,Product D,The product quality was poor and I want a return.
2026-08-01,North,Product A,The product quality was poor and I want a return.
2026-08-01,North,Product A,Delivery was fast and the product was good.
2026-08-01,North,Product A,The price felt expensive compared with alternatives.
2026-08-01,North,Product B,The price felt expensive compared with alternatives.
2026-08-01,North,Product B,Checkout was easy and payment worked well.
2026-08-01,North,Product B,Delivery was fast and the product was good.
2026-08-01,North,Product C,The product quality was poor and I want a return.
2026-08-01,North,Product D,The price felt expensive compared with alternatives.
2026-08-01,North,Product D,The product quality was poor and I want a return.
2026-08-01,South,Product A,Checkout was easy and payment worked well.
2026-08-01,South,Product A,Delivery was fast and the product was good.
2026-08-01,South,Product B,Very happy with the purchase and fast delivery.
2026-08-01,South,Product C,The price felt expensive compared with alternatives.
2026-08-01,South,Product D,Delivery was late and the packaging was damaged.
2026-08-01,East,Product A,Delivery was fast and the product was good.
2026-08-01,East,Product A,The price felt expensive compared with alternatives.
2026-08-01,East,Product B,Very happy with the purchase and fast delivery.
2026-08-01,East,Product C,Product was out of stock when I tried to buy it.
2026-08-01,East,Product D,Delivery was fast and the product was good.
2026-08-01,West,Product A,The product quality was poor and I want a return.
2026-08-01,West,Product B,Product was out of stock when I tried to buy it.
2026-08-01,West,Product B,Product was out of stock when I tried to buy it.
2026-08-01,West,Product B,Very happy with the purchase and fast delivery.
2026-08-01,West,Product C,The price felt expensive compared with alternatives.
2026-08-01,West,Product C,Checkout was easy and payment worked well.
2026-08-01,West,Product C,Delivery was fast and the product was good.
2026-08-01,West,Product D,Delivery was late and the packaging was damaged.
2026-08-01,West,Product D,Delivery was fast and the product was good.
2026-08-02,North,Product A,Very happy with the purchase and fast delivery.
2026-08-02,North,Product B,Delivery was late and the packaging was damaged.
2026-08-02,North,Product C,Delivery was late and the packaging was damaged.
2026-08-02,North,Product D,Delivery was fast and the product was good.
2026-08-02,South,Product A,The product quality was poor and I want a return.
2026-08-02,South,Product A,Delivery was late and the packaging was damaged.
2026-08-02,South,Product B,The price felt expensive compared with alternatives.
2026-08-02,South,Product C,Delivery was late and the packaging was damaged.
2026-08-02,South,Product C,Very happy with the purchase and fast delivery.
2026-08-02,South,Product D,Delivery was late and the packaging was damaged.
2026-08-02,South,Product D,Product was out of stock when I tried to buy it.
2026-08-02,South,Product D,The price felt expensive compared with alternatives.
2026-08-02,East,Product A,Product was out of stock when I tried to buy it.
2026-08-02,East,Product B,Delivery was fast and the product was good.
2026-08-02,East,Product B,Delivery was fast and the product was good.
2026-08-02,East,Product B,Delivery was fast and the product was good.
2026-08-02,East,Product C,Delivery was fast and the product was good.
2026-08-02,East,Product D,Delivery was late and the packaging was damaged.
2026-08-02,West,Product A,The product quality was poor and I want a return.
2026-08-02,West,Product A,Product was out of stock when I tried to buy it.
2026-08-02,West,Product B,Checkout was easy and payment worked well.
2026-08-02,West,Product B,Very happy with the purchase and fast delivery.
2026-08-02,West,Product C,Delivery was late and the packaging was damaged.
2026-08-02,West,Product D,Delivery was late and the packaging was damaged.
2026-08-03,North,Product A,Very happy with the purchase and fast delivery.
2026-08-03,North,Product A,Delivery was late and the packaging was damaged.
2026-08-03,North,Product A,Delivery was late and the packaging was damaged.
2026-08-03,North,Product B,Delivery was fast and the product was good.
2026-08-03,North,Product B,The product quality was poor and I want a return.
2026-08-03,North,Product C,Delivery was late and the packaging was damaged.
2026-08-03,North,Product D,Delivery was late and the packaging was damaged.
2026-08-03,South,Product A,The price felt expensive compared with alternatives.
2026-08-03,South,Product A,Delivery was fast and the product was good.
2026-08-03,South,Product A,Delivery was late and the packaging was damaged.
2026-08-03,South,Product B,Very happy with the purchase and fast delivery.
2026-08-03,South,Product C,Very happy with the purchase and fast delivery.
2026-08-03,South,Product C,Delivery was fast and the product was good.
2026-08-03,South,Product D,Delivery was late and the packaging was damaged.
2026-08-03,East,Product A,The price felt expensive compared with alternatives.
2026-08-03,East,Product A,Checkout was easy and payment worked well.
2026-08-03,East,Product B,Very happy with the purchase and fast delivery.
2026-08-03,East,Product B,Very happy with the purchase and fast delivery.
2026-08-03,East,Product B,The product quality was poor and I want a return.
2026-08-03,East,Product C,The price felt expensive compared with alternatives.
2026-08-03,East,Product C,Checkout was easy and payment worked well.
2026-08-03,East,Product C,Checkout was easy and payment worked well.
2026-08-03,East,Product D,Product was out of stock when I tried to buy it.
2026-08-03,East,Product D,The price felt expensive compared with alternatives.
2026-08-03,East,Product D,Product was out of stock when I tried to buy it.
2026-08-03,West,Product A,Product was out of stock when I tried to buy it.
2026-08-03,West,Product A,The product quality was poor and I want a return.
2026-08-03,West,Product B,Product was out of stock when I tried to buy it.
2026-08-03,West,Product B,Product was out of stock when I tried to buy it.
2026-08-03,West,Product C,Delivery was fast and the product was good.
2026-08-03,West,Product C,Delivery was late and the packaging was damaged.
2026-08-03,West,Product C,The product quality was poor and I want a return.
2026-08-03,West,Product D,Delivery was fast and the product was good.
2026-08-03,West,Product D,The product quality was poor and I want a return.
2026-08-03,West,Product D,The price felt expensive compared with alternatives.
2026-08-04,North,Product A,Very happy with the purchase and fast delivery.
2026-08-04,North,Product A,Very happy with the purchase and fast delivery.
2026-08-04,North,Product A,The price felt expensive compared with alternatives.
2026-08-04,North,Product B,Product was out of stock when I tried to buy it.
2026-08-04,North,Product B,The product quality was poor and I want a return.
2026-08-04,North,Product C,The product quality was poor and I want a return.
2026-08-04,North,Product D,Delivery was late and the packaging was damaged.
2026-08-04,South,Product A,Product was out of stock when I tried to buy it.
2026-08-04,South,Product A,Delivery was late and the packaging was damaged.
2026-08-04,South,Product B,Product was out of stock when I tried to buy it.
2026-08-04,South,Product C,The price felt expensive compared with alternatives.
2026-08-04,South,Product C,Delivery was fast and the product was good.
2026-08-04,South,Product D,Delivery was late and the packaging was damaged.
2026-08-04,South,Product D,Delivery was late and the packaging was damaged.
2026-08-04,East,Product A,Delivery was fast and the product was good.
2026-08-04,East,Product A,The price felt expensive compared with alternatives.
2026-08-04,East,Product B,Very happy with the purchase and fast delivery.
2026-08-04,East,Product B,Delivery was fast and the product was good.
2026-08-04,East,Product B,Delivery was fast and the product was good.
2026-08-04,East,Product C,Very happy with the purchase and fast delivery.
2026-08-04,East,Product C,The price felt expensive compared with alternatives.
2026-08-04,East,Product D,The product quality was poor and I want a return.
2026-08-04,East,Product D,Product was out of stock when I tried to buy it.
2026-08-04,West,Product A,The product quality was poor and I want a return.
2026-08-04,West,Product A,Product was out of stock when I tried to buy it.
2026-08-04,West,Product A,Product was out of stock when I tried to buy it.
2026-08-04,West,Product B,Product was out of stock when I tried to buy it.
2026-08-04,West,Product B,Checkout was easy and payment worked well.
2026-08-04,West,Product C,Delivery was fast and the product was good.
2026-08-04,West,Product D,Delivery was fast and the product was good.
2026-08-04,West,Product D,The product quality was poor and I want a return.
2026-08-05,North,Product A,Checkout was easy and payment worked well.
2026-08-05,North,Product B,Checkout was easy and payment worked well.
2026-08-05,North,Product C,The product quality was poor and I want a return.
2026-08-05,North,Product C,The product quality was poor and I want a return.
2026-08-05,North,Product C,The price felt expensive compared with alternatives.
2026-08-05,North,Product D,Delivery was late and the packaging was damaged.
2026-08-05,South,Product A,Very happy with the purchase and fast delivery.
2026-08-05,South,Product A,Delivery was late and the packaging was damaged.
2026-08-05,South,Product B,Delivery was fast and the product was good.
2026-08-05,South,Product B,The price felt expensive compared with alternatives.
2026-08-05,South,Product B,The product quality was poor and I want a return.
2026-08-05,South,Product C,Delivery was late and the packaging was damaged.
2026-08-05,South,Product C,Delivery was late and the packaging was damaged.
2026-08-05,South,Product C,The price felt expensive compared with alternatives.
2026-08-05,South,Product D,Delivery was late and the packaging was damaged.
2026-08-05,South,Product D,The product quality was poor and I want a return.
2026-08-05,East,Product A,The product quality was poor and I want a return.
2026-08-05,East,Product A,The price felt expensive compared with alternatives.
2026-08-05,East,Product A,Delivery was late and the packaging was damaged.
2026-08-05,East,Product B,The price felt expensive compared with alternatives.
2026-08-05,East,Product B,The product quality was poor and I want a return.
2026-08-05,East,Product C,Delivery was fast and the product was good.
2026-08-05,East,Product D,The product quality was poor and I want a return.
2026-08-05,East,Product D,Checkout was easy and payment worked well.
2026-08-05,East,Product D,Product was out of stock when I tried to buy it.
2026-08-05,West,Product A,The product quality was poor and I want a return.
2026-08-05,West,Product B,Product was out of stock when I tried to buy it.
2026-08-05,West,Product B,Checkout was easy and payment worked well.
2026-08-05,West,Product B,Delivery was fast and the product was good.
2026-08-05,West,Product C,Checkout was easy and payment worked well.
2026-08-05,West,Product D,Very happy with the purchase and fast delivery.
2026-08-05,West,Product D,Delivery was fast and the product was good.
2026-08-06,North,Product A,Delivery was fast and the product was good.
2026-08-06,North,Product B,Delivery was late and the packaging was damaged.
2026-08-06,North,Product B,Very happy with the purchase and fast delivery.
2026-08-06,North,Product C,Very happy with the purchase and fast delivery.
2026-08-06,North,Product D,Very happy with the purchase and fast delivery.
2026-08-06,North,Product D,Delivery was late and the packaging was damaged.
2026-08-06,South,Product A,The price felt expensive compared with alternatives.
2026-08-06,South,Product B,Product was out of stock when I tried to buy it.
2026-08-06,South,Product B,Very happy with the purchase and fast delivery.
2026-08-06,South,Product B,The price felt expensive compared with alternatives.
2026-08-06,South,Product C,Delivery was late and the packaging was damaged.
2026-08-06,South,Product C,Delivery was late and the packaging was damaged.
2026-08-06,South,Product D,The product quality was poor and I want a return.
2026-08-06,South,Product D,Very happy with the purchase and fast delivery.
2026-08-06,East,Product A,The product quality was poor and I want a return.
2026-08-06,East,Product B,Product was out of stock when I tried to buy it.
2026-08-06,East,Product B,Very happy with the purchase and fast delivery.
2026-08-06,East,Product C,Product was out of stock when I tried to buy it.
2026-08-06,East,Product D,Checkout was easy and payment worked well.
2026-08-06,East,Product D,The price felt expensive compared with alternatives.
2026-08-06,East,Product D,The price felt expensive compared with alternatives.
2026-08-06,West,Product A,Product was out of stock when I tried to buy it.
2026-08-06,West,Product A,Delivery was late and the packaging was damaged.
2026-08-06,West,Product A,Product was out of stock when I tried to buy it.
2026-08-06,West,Product B,The price felt expensive compared with alternatives.
2026-08-06,West,Product C,Very happy with the purchase and fast delivery.
2026-08-06,West,Product C,Delivery was fast and the product was good.
2026-08-06,West,Product C,Product was out of stock when I tried to buy it.
2026-08-06,West,Product D,Product was out of stock when I tried to buy it.
2026-08-06,West,Product D,Delivery was late and the packaging was damaged.
2026-08-07,North,Product A,Product was out of stock when I tried to buy it.
2026-08-07,North,Product A,Delivery was fast and the product was good.
2026-08-07,North,Product B,Product was out of stock when I tried to buy it.
2026-08-07,North,Product B,Very happy with the purchase and fast delivery.
2026-08-07,North,Product B,Product was out of stock when I tried to buy it.
2026-08-07,North,Product C,Delivery was fast and the product was good.
2026-08-07,North,Product D,Checkout was easy and payment worked well.
2026-08-07,North,Product D,Delivery was fast and the product was good.
2026-08-07,South,Product A,Product was out of stock when I tried to buy it.
2026-08-07,South,Product B,Product was out of stock when I tried to buy it.
2026-08-07,South,Product B,Delivery was fast and the product was good.
2026-08-07,South,Product C,Delivery was fast and the product was good.
2026-08-07,South,Product D,Very happy with the purchase and fast delivery.
2026-08-07,East,Product A,Delivery was late and the packaging was damaged.
2026-08-07,East,Product B,Very happy with the purchase and fast delivery.
2026-08-07,East,Product B,Product was out of stock when I tried to buy it.
2026-08-07,East,Product C,The product quality was poor and I want a return.
2026-08-07,East,Product D,Delivery was late and the packaging was damaged.
2026-08-07,West,Product A,Delivery was late and the packaging was damaged.
2026-08-07,West,Product A,Delivery was late and the packaging was damaged.
2026-08-07,West,Product A,Delivery was late and the packaging was damaged.
2026-08-07,West,Product B,The price felt expensive compared with alternatives.
2026-08-07,West,Product B,Delivery was late and the packaging was damaged.
2026-08-07,West,Product C,Delivery was late and the packaging was damaged.
2026-08-07,West,Product C,The price felt expensive compared with alternatives.
2026-08-07,West,Product D,Delivery was fast and the product was good.
2026-08-07,West,Product D,The price felt expensive compared with alternatives.
2026-08-08,North,Product A,Delivery was fast and the product was good.
2026-08-08,North,Product A,Delivery was late and the packaging was damaged.
2026-08-08,North,Product A,Product was out of stock when I tried to buy it.
2026-08-08,North,Product B,Checkout was easy and payment worked well.
2026-08-08,North,Product B,The price felt expensive compared with alternatives.
2026-08-08,North,Product C,Checkout was easy and payment worked well.
2026-08-08,North,Product C,Delivery was fast and the product was good.
2026-08-08,North,Product D,Delivery was late and the packaging was damaged.
2026-08-08,North,Product D,Checkout was easy and payment worked well.
2026-08-08,North,Product D,Very happy with the purchase and fast delivery.
2026-08-08,South,Product A,The product quality was poor and I want a return.
2026-08-08,South,Product A,Delivery was fast and the product was good.
2026-08-08,South,Product B,Product was out of stock when I tried to buy it.
2026-08-08,South,Product C,Delivery was fast and the product was good.
2026-08-08,South,Product C,The price felt expensive compared with alternatives.
2026-08-08,South,Product C,Delivery was late and the packaging was damaged.
2026-08-08,South,Product D,Delivery was fast and the product was good.
2026-08-08,South,Product D,Delivery was late and the packaging was damaged.
2026-08-08,South,Product D,The product quality was poor and I want a return.
2026-08-08,East,Product A,Checkout was easy and payment worked well.
2026-08-08,East,Product A,The product quality was poor and I want a return.
2026-08-08,East,Product B,Delivery was late and the packaging was damaged.
2026-08-08,East,Product B,Delivery was late and the packaging was damaged.
2026-08-08,East,Product B,Product was out of stock when I tried to buy it.
2026-08-08,East,Product C,Very happy with the purchase and fast delivery.
2026-08-08,East,Product C,Product was out of stock when I tried to buy it.
2026-08-08,East,Product C,Delivery was fast and the product was good.
2026-08-08,East,Product D,Very happy with the purchase and fast delivery.
2026-08-08,West,Product A,Product was out of stock when I tried to buy it.
2026-08-08,West,Product A,Delivery was late and the packaging was damaged.
2026-08-08,West,Product B,Delivery was late and the packaging was damaged.
2026-08-08,West,Product B,The price felt expensive compared with alternatives.
2026-08-08,West,Product B,Checkout was easy and payment worked well.
2026-08-08,West,Product C,The product quality was poor and I want a return.
2026-08-08,West,Product C,Product was out of stock when I tried to buy it.
2026-08-08,West,Product C,Checkout was easy and payment worked well.
2026-08-08,West,Product D,The price felt expensive compared with alternatives.
2026-08-08,West,Product D,Very happy with the purchase and fast delivery.
2026-08-08,West,Product D,Delivery was late and the packaging was damaged.
2026-08-09,North,Product A,Very happy with the purchase and fast delivery.
2026-08-09,North,Product A,Checkout was easy and payment worked well.
2026-08-09,North,Product B,Very happy with the purchase and fast delivery.
2026-08-09,North,Product B,Checkout was easy and payment worked well.
2026-08-09,North,Product B,Checkout was easy and payment worked well.
2026-08-09,North,Product C,Delivery was late and the packaging was damaged.
2026-08-09,North,Product D,The price felt expensive compared with alternatives.
2026-08-09,North,Product D,Product was out of stock when I tried to buy it.
2026-08-09,South,Product A,Delivery was late and the packaging was damaged.
2026-08-09,South,Product A,Very happy with the purchase and fast delivery.
2026-08-09,South,Product B,Delivery was late and the packaging was damaged.
2026-08-09,South,Product B,Delivery was fast and the product was good.
2026-08-09,South,Product B,The price felt expensive compared with alternatives.
2026-08-09,South,Product C,Delivery was late and the packaging was damaged.
2026-08-09,South,Product C,The product quality was poor and I want a return.
2026-08-09,South,Product D,Product was out of stock when I tried to buy it.
2026-08-09,East,Product A,Product was out of stock when I tried to buy it.
2026-08-09,East,Product B,Very happy with the purchase and fast delivery.
2026-08-09,East,Product B,The product quality was poor and I want a return.
2026-08-09,East,Product C,Delivery was fast and the product was good.
2026-08-09,East,Product C,Product was out of stock when I tried to buy it.
2026-08-09,East,Product D,Checkout was easy and payment worked well.
2026-08-09,West,Product A,Delivery was late and the packaging was damaged.
2026-08-09,West,Product B,Checkout was easy and payment worked well.
2026-08-09,West,Product B,Delivery was fast and the product was good.
2026-08-09,West,Product B,Very happy with the purchase and fast delivery.
2026-08-09,West,Product C,Product was out of stock when I tried to buy it.
2026-08-09,West,Product C,Checkout was easy and payment worked well.
2026-08-09,West,Product D,Product was out of stock when I tried to buy it.
2026-08-10,North,Product A,Very happy with the purchase and fast delivery.
2026-08-10,North,Product B,The price felt expensive compared with alternatives.
2026-08-10,North,Product B,The product quality was poor and I want a return.
2026-08-10,North,Product B,Delivery was fast and the product was good.
2026-08-10,North,Product C,Product was out of stock when I tried to buy it.
2026-08-10,North,Product C,The price felt expensive compared with alternatives.
2026-08-10,North,Product C,Checkout was easy and payment worked well.
2026-08-10,North,Product D,Delivery was fast and the product was good.
2026-08-10,South,Product A,Delivery was late and the packaging was damaged.
2026-08-10,South,Product A,Product was out of stock when I tried to buy it.
2026-08-10,South,Product A,Checkout was easy and payment worked well.
2026-08-10,South,Product B,Delivery was fast and the product was good.
2026-08-10,South,Product B,Checkout was easy and payment worked well.
2026-08-10,South,Product B,Very happy with the purchase and fast delivery.
2026-08-10,South,Product C,The product quality was poor and I want a return.
2026-08-10,South,Product C,Delivery was fast and the product was good.
2026-08-10,South,Product C,Delivery was late and the packaging was damaged.
2026-08-10,South,Product D,Product was out of stock when I tried to buy it.
2026-08-10,East,Product A,Very happy with the purchase and fast delivery.
2026-08-10,East,Product A,Very happy with the purchase and fast delivery.
2026-08-10,East,Product B,Very happy with the purchase and fast delivery.
2026-08-10,East,Product C,Checkout was easy and payment worked well.
2026-08-10,East,Product C,Checkout was easy and payment worked well.
2026-08-10,East,Product D,Delivery was fast and the product was good.
2026-08-10,East,Product D,Product was out of stock when I tried to buy it.
2026-08-10,West,Product A,Product was out of stock when I tried to buy it.
2026-08-10,West,Product A,The product quality was poor and I want a return.
2026-08-10,West,Product B,Very happy with the purchase and fast delivery.
2026-08-10,West,Product C,Product was out of stock when I tried to buy it.
2026-08-10,West,Product C,Very happy with the purchase and fast delivery.
2026-08-10,West,Product D,Product was out of stock when I tried to buy it.
2026-08-10,West,Product D,Delivery was late and the packaging was damaged.
2026-08-11,North,Product A,Delivery was fast and the product was good.
2026-08-11,North,Product B,Very happy with the purchase and fast delivery.
2026-08-11,North,Product B,Product was out of stock when I tried to buy it.
2026-08-11,North,Product B,Delivery was late and the packaging was damaged.
2026-08-11,North,Product C,Product was out of stock when I tried to buy it.
2026-08-11,North,Product C,Product was out of stock when I tried to buy it.
2026-08-11,North,Product C,Delivery was fast and the product was good.
2026-08-11,North,Product D,Delivery was late and the packaging was damaged.
2026-08-11,North,Product D,The product quality was poor and I want a return.
2026-08-11,North,Product D,Delivery was late and the packaging was damaged.
2026-08-11,South,Product A,Very happy with the purchase and fast delivery.
2026-08-11,South,Product A,The price felt expensive compared with alternatives.
2026-08-11,South,Product B,Checkout was easy and payment worked well.
2026-08-11,South,Product B,Product was out of stock when I tried to buy it.
2026-08-11,South,Product B,Checkout was easy and payment worked well.
2026-08-11,South,Product C,Product was out of stock when I tried to buy it.
2026-08-11,South,Product C,The price felt expensive compared with alternatives.
2026-08-11,South,Product C,Delivery was late and the packaging was damaged.
2026-08-11,South,Product D,The price felt expensive compared with alternatives.
2026-08-11,South,Product D,Product was out of stock when I tried to buy it.
2026-08-11,East,Product A,Delivery was late and the packaging was damaged.
2026-08-11,East,Product A,The product quality was poor and I want a return.
2026-08-11,East,Product B,Very happy with the purchase and fast delivery.
2026-08-11,East,Product B,Very happy with the purchase and fast delivery.
2026-08-11,East,Product C,The price felt expensive compared with alternatives.
2026-08-11,East,Product D,Very happy with the purchase and fast delivery.
2026-08-11,East,Product D,Very happy with the purchase and fast delivery.
2026-08-11,East,Product D,The price felt expensive compared with alternatives.
2026-08-11,West,Product A,Product was out of stock when I tried to buy it.
2026-08-11,West,Product B,Delivery was late and the packaging was damaged.
2026-08-11,West,Product B,Delivery was fast and the product was good.
2026-08-11,West,Product C,Checkout was easy and payment worked well.
2026-08-11,West,Product D,Delivery was fast and the product was good.
2026-08-12,North,Product A,Product was out of stock when I tried to buy it.
2026-08-12,North,Product A,Very happy with the purchase and fast delivery.
2026-08-12,North,Product A,Very happy with the purchase and fast delivery.
2026-08-12,North,Product B,Delivery was late and the packaging was damaged.
2026-08-12,North,Product B,Delivery was fast and the product was good.
2026-08-12,North,Product C,Very happy with the purchase and fast delivery.
2026-08-12,North,Product D,Delivery was fast and the product was good.
2026-08-12,North,Product D,The product quality was poor and I want a return.
2026-08-12,South,Product A,The price felt expensive compared with alternatives.
2026-08-12,South,Product A,Delivery was late and the packaging was damaged.
2026-08-12,South,Product A,Very happy with the purchase and fast delivery.
2026-08-12,South,Product B,Product was out of stock when I tried to buy it.
2026-08-12,South,Product B,Delivery was late and the packaging was damaged.
2026-08-12,South,Product C,Delivery was fast and the product was good.
2026-08-12,South,Product C,Very happy with the purchase and fast delivery.
2026-08-12,South,Product C,Delivery was fast and the product was good.
2026-08-12,South,Product D,The price felt expensive compared with alternatives.
2026-08-12,South,Product D,Checkout was easy and payment worked well.
2026-08-12,East,Product A,Delivery was late and the packaging was damaged.
2026-08-12,East,Product A,The price felt expensive compared with alternatives.
2026-08-12,East,Product B,Checkout was easy and payment worked well.
2026-08-12,East,Product C,Very happy with the purchase and fast delivery.
2026-08-12,East,Product C,Delivery was fast and the product was good.
2026-08-12,East,Product D,Checkout was easy and payment worked well.
2026-08-12,West,Product A,Product was out of stock when I tried to buy it.
2026-08-12,West,Product A,The product quality was poor and I want a return.
2026-08-12,West,Product A,Product was out of stock when I tried to buy it.
2026-08-12,West,Product B,Checkout was easy and payment worked well.
2026-08-12,West,Product B,Checkout was easy and payment worked well.
2026-08-12,West,Product B,Very happy with the purchase and fast delivery.
2026-08-12,West,Product C,Very happy with the purchase and fast delivery.
2026-08-12,West,Product D,Product was out of stock when I tried to buy it.
2026-08-12,West,Product D,Delivery was late and the packaging was damaged.
2026-08-13,North,Product A,The price felt expensive compared with alternatives.
2026-08-13,North,Product B,Delivery was fast and the product was good.
2026-08-13,North,Product B,The product quality was poor and I want a return.
2026-08-13,North,Product B,Delivery was fast and the product was good.
2026-08-13,North,Product C,The product quality was poor and I want a return.
2026-08-13,North,Product D,Checkout was easy and payment worked well.
2026-08-13,North,Product D,Delivery was late and the packaging was damaged.
2026-08-13,South,Product A,Product was out of stock when I tried to buy it.
2026-08-13,South,Product B,Delivery was late and the packaging was damaged.
2026-08-13,South,Product B,Delivery was late and the packaging was damaged.
2026-08-13,South,Product B,Checkout was easy and payment worked well.
2026-08-13,South,Product C,Very happy with the purchase and fast delivery.
2026-08-13,South,Product C,The price felt expensive compared with alternatives.
2026-08-13,South,Product D,Checkout was easy and payment worked well.
2026-08-13,South,Product D,The product quality was poor and I want a return.
2026-08-13,South,Product D,The product quality was poor and I want a return.
2026-08-13,East,Product A,Delivery was fast and the product was good.
2026-08-13,East,Product A,The price felt expensive compared with alternatives.
2026-08-13,East,Product B,Product was out of stock when I tried to buy it.
2026-08-13,East,Product C,The price felt expensive compared with alternatives.
2026-08-13,East,Product C,Delivery was fast and the product was good.
2026-08-13,East,Product C,Product was out of stock when I tried to buy it.
2026-08-13,East,Product D,Delivery was fast and the product was good.
2026-08-13,West,Product A,Product was out of stock when I tried to buy it.
2026-08-13,West,Product B,Checkout was easy and payment worked well.
2026-08-13,West,Product B,Checkout was easy and payment worked well.
2026-08-13,West,Product B,The price felt expensive compared with alternatives.
2026-08-13,West,Product C,Very happy with the purchase and fast delivery.
2026-08-13,West,Product C,The price felt expensive compared with alternatives.
2026-08-13,West,Product D,The product quality was poor and I want a return.
2026-08-13,West,Product D,Very happy with the purchase and fast delivery.
2026-08-14,North,Product A,The product quality was poor and I want a return.
2026-08-14,North,Product A,Product was out of stock when I tried to buy it.
2026-08-14,North,Product B,Checkout was easy and payment worked well.
2026-08-14,North,Product C,Product was out of stock when I tried to buy it.
2026-08-14,North,Product D,Very happy with the purchase and fast delivery.
2026-08-14,North,Product D,Delivery was late and the packaging was damaged.
2026-08-14,South,Product A,Delivery was late and the packaging was damaged.
2026-08-14,South,Product A,The product quality was poor and I want a return.
2026-08-14,South,Product A,Checkout was easy and payment worked well.
2026-08-14,South,Product B,The product quality was poor and I want a return.
2026-08-14,South,Product B,Delivery was late and the packaging was damaged.
2026-08-14,South,Product B,The price felt expensive compared with alternatives.
2026-08-14,South,Product C,The product quality was poor and I want a return.
2026-08-14,South,Product C,Delivery was late and the packaging was damaged.
2026-08-14,South,Product D,The price felt expensive compared with alternatives.
2026-08-14,South,Product D,Checkout was easy and payment worked well.
2026-08-14,East,Product A,The product quality was poor and I want a return.
2026-08-14,East,Product A,Delivery was fast and the product was good.
2026-08-14,East,Product B,The price felt expensive compared with alternatives.
2026-08-14,East,Product C,The product quality was poor and I want a return.
2026-08-14,East,Product C,Delivery was fast and the product was good.
2026-08-14,East,Product D,Delivery was fast and the product was good.
2026-08-14,East,Product D,Very happy with the purchase and fast delivery.
2026-08-14,West,Product A,Product was out of stock when I tried to buy it.
2026-08-14,West,Product A,The product quality was poor and I want a return.
2026-08-14,West,Product B,The price felt expensive compared with alternatives.
2026-08-14,West,Product C,Checkout was easy and payment worked well.
2026-08-14,West,Product D,Delivery was fast and the product was good.
2026-08-14,West,Product D,The product quality was poor and I want a return.
2026-08-15,North,Product A,Delivery was fast and the product was good.
2026-08-15,North,Product A,The price felt expensive compared with alternatives.
2026-08-15,North,Product A,The price felt expensive compared with alternatives.
2026-08-15,North,Product B,Product was out of stock when I tried to buy it.
2026-08-15,North,Product C,Very happy with the purchase and fast delivery.
2026-08-15,North,Product C,Delivery was fast and the product was good.
2026-08-15,North,Product D,The product quality was poor and I want a return.
2026-08-15,South,Product A,Checkout was easy and payment worked well.
2026-08-15,South,Product B,Product was out of stock when I tried to buy it.
2026-08-15,South,Product B,Delivery was fast and the product was good.
2026-08-15,South,Product C,Delivery was fast and the product was good.
2026-08-15,South,Product C,Very happy with the purchase and fast delivery.
2026-08-15,South,Product D,Product was out of stock when I tried to buy it.
2026-08-15,South,Product D,The product quality was poor and I want a return.
2026-08-15,South,Product D,Checkout was easy and payment worked well.
2026-08-15,East,Product A,Checkout was easy and payment worked well.
2026-08-15,East,Product A,Very happy with the purchase and fast delivery.
2026-08-15,East,Product B,Delivery was late and the packaging was damaged.
2026-08-15,East,Product B,Delivery was late and the packaging was damaged.
2026-08-15,East,Product C,The price felt expensive compared with alternatives.
2026-08-15,East,Product C,Delivery was late and the packaging was damaged.
2026-08-15,East,Product D,The product quality was poor and I want a return.
2026-08-15,West,Product A,The product quality was poor and I want a return.
2026-08-15,West,Product A,The product quality was poor and I want a return.
2026-08-15,West,Product A,Delivery was late and the packaging was damaged.
2026-08-15,West,Product B,The product quality was poor and I want a return.
2026-08-15,West,Product C,Product was out of stock when I tried to buy it.
2026-08-15,West,Product D,The product quality was poor and I want a return.
2026-08-16,North,Product A,Very happy with the purchase and fast delivery.
2026-08-16,North,Product A,Product was out of stock when I tried to buy it.
2026-08-16,North,Product A,The product quality was poor and I want a return.
2026-08-16,North,Product B,The price felt expensive compared with alternatives.
2026-08-16,North,Product C,The product quality was poor and I want a return.
2026-08-16,North,Product D,Delivery was late and the packaging was damaged.
2026-08-16,South,Product A,Delivery was fast and the product was good.
2026-08-16,South,Product A,The product quality was poor and I want a return.
2026-08-16,South,Product A,Product was out of stock when I tried to buy it.
2026-08-16,South,Product B,The product quality was poor and I want a return.
2026-08-16,South,Product C,The product quality was poor and I want a return.
2026-08-16,South,Product C,The price felt expensive compared with alternatives.
2026-08-16,South,Product D,Delivery was fast and the product was good.
2026-08-16,South,Product D,The price felt expensive compared with alternatives.
2026-08-16,East,Product A,Delivery was fast and the product was good.
2026-08-16,East,Product B,The product quality was poor and I want a return.
2026-08-16,East,Product C,The product quality was poor and I want a return.
2026-08-16,East,Product C,Product was out of stock when I tried to buy it.
2026-08-16,East,Product D,The product quality was poor and I want a return.
2026-08-16,West,Product A,Delivery was late and the packaging was damaged.
2026-08-16,West,Product B,Delivery was fast and the product was good.
2026-08-16,West,Product C,Very happy with the purchase and fast delivery.
2026-08-16,West,Product C,Delivery was late and the packaging was damaged.
2026-08-16,West,Product D,Product was out of stock when I tried to buy it.
2026-08-16,West,Product D,The product quality was poor and I want a return.
2026-08-17,North,Product A,Very happy with the purchase and fast delivery.
2026-08-17,North,Product B,Delivery was late and the packaging was damaged.
2026-08-17,North,Product B,Delivery was fast and the product was good.
2026-08-17,North,Product C,Very happy with the purchase and fast delivery.
2026-08-17,North,Product C,Delivery was late and the packaging was damaged.
2026-08-17,North,Product C,The price felt expensive compared with alternatives.
2026-08-17,North,Product D,Very happy with the purchase and fast delivery.
2026-08-17,North,Product D,The price felt expensive compared with alternatives.
2026-08-17,South,Product A,The price felt expensive compared with alternatives.
2026-08-17,South,Product A,Checkout was easy and payment worked well.
2026-08-17,South,Product A,Very happy with the purchase and fast delivery.
2026-08-17,South,Product B,The product quality was poor and I want a return.
2026-08-17,South,Product C,Product was out of stock when I tried to buy it.
2026-08-17,South,Product C,Delivery was late and the packaging was damaged.
2026-08-17,South,Product D,The price felt expensive compared with alternatives.
2026-08-17,South,Product D,The product quality was poor and I want a return.
2026-08-17,South,Product D,The product quality was poor and I want a return.
2026-08-17,East,Product A,The product quality was poor and I want a return.
2026-08-17,East,Product A,Delivery was fast and the product was good.
2026-08-17,East,Product B,Checkout was easy and payment worked well.
2026-08-17,East,Product B,The product quality was poor and I want a return.
2026-08-17,East,Product C,Very happy with the purchase and fast delivery.
2026-08-17,East,Product C,The price felt expensive compared with alternatives.
2026-08-17,East,Product C,The product quality was poor and I want a return.
2026-08-17,East,Product D,The price felt expensive compared with alternatives.
2026-08-17,East,Product D,Checkout was easy and payment worked well.
2026-08-17,East,Product D,Product was out of stock when I tried to buy it.
2026-08-17,West,Product A,Delivery was late and the packaging was damaged.
2026-08-17,West,Product A,Product was out of stock when I tried to buy it.
2026-08-17,West,Product B,Checkout was easy and payment worked well.
2026-08-17,West,Product B,Delivery was fast and the product was good.
2026-08-17,West,Product B,Delivery was late and the packaging was damaged.
2026-08-17,West,Product C,Product was out of stock when I tried to buy it.
2026-08-17,West,Product D,Checkout was easy and payment worked well.
2026-08-17,West,Product D,Product was out of stock when I tried to buy it.
2026-08-18,North,Product A,The price felt expensive compared with alternatives.
2026-08-18,North,Product A,Delivery was late and the packaging was damaged.
2026-08-18,North,Product A,Very happy with the purchase and fast delivery.
2026-08-18,North,Product B,The price felt expensive compared with alternatives.
2026-08-18,North,Product B,Checkout was easy and payment worked well.
2026-08-18,North,Product B,Delivery was fast and the product was good.
2026-08-18,North,Product C,Delivery was late and the packaging was damaged.
2026-08-18,North,Product C,Checkout was easy and payment worked well.
2026-08-18,North,Product D,Delivery was fast and the product was good.
2026-08-18,North,Product D,Delivery was late and the packaging was damaged.
2026-08-18,North,Product D,Delivery was fast and the product was good.
2026-08-18,South,Product A,Delivery was fast and the product was good.
2026-08-18,South,Product A,Delivery was late and the packaging was damaged.
2026-08-18,South,Product B,Product was out of stock when I tried to buy it.
2026-08-18,South,Product B,Checkout was easy and payment worked well.
2026-08-18,South,Product C,Checkout was easy and payment worked well.
2026-08-18,South,Product C,Delivery was late and the packaging was damaged.
2026-08-18,South,Product D,Product was out of stock when I tried to buy it.
2026-08-18,East,Product A,Product was out of stock when I tried to buy it.
2026-08-18,East,Product B,The price felt expensive compared with alternatives.
2026-08-18,East,Product B,Checkout was easy and payment worked well.
2026-08-18,East,Product B,Very happy with the purchase and fast delivery.
2026-08-18,East,Product C,Checkout was easy and payment worked well.
2026-08-18,East,Product C,The price felt expensive compared with alternatives.
2026-08-18,East,Product D,Product was out of stock when I tried to buy it.
2026-08-18,East,Product D,The product quality was poor and I want a return.
2026-08-18,West,Product A,Delivery was late and the packaging was damaged.
2026-08-18,West,Product A,Delivery was late and the packaging was damaged.
2026-08-18,West,Product B,Checkout was easy and payment worked well.
2026-08-18,West,Product B,Very happy with the purchase and fast delivery.
2026-08-18,West,Product B,Delivery was fast and the product was good.
2026-08-18,West,Product C,Delivery was late and the packaging was damaged.
2026-08-18,West,Product D,Very happy with the purchase and fast delivery.
2026-08-18,West,Product D,Delivery was late and the packaging was damaged.
2026-08-19,North,Product A,Checkout was easy and payment worked well.
2026-08-19,North,Product B,Very happy with the purchase and fast delivery.
2026-08-19,North,Product B,Delivery was fast and the product was good.
2026-08-19,North,Product C,Checkout was easy and payment worked well.
2026-08-19,North,Product C,Checkout was easy and payment worked well.
2026-08-19,North,Product D,The product quality was poor and I want a return.
2026-08-19,North,Product D,Very happy with the purchase and fast delivery.
2026-08-19,North,Product D,Checkout was easy and payment worked well.
2026-08-19,South,Product A,Checkout was easy and payment worked well.
2026-08-19,South,Product B,Very happy with the purchase and fast delivery.
2026-08-19,South,Product B,The product quality was poor and I want a return.
2026-08-19,South,Product B,Checkout was easy and payment worked well.
2026-08-19,South,Product C,The product quality was poor and I want a return.
2026-08-19,South,Product C,Very happy with the purchase and fast delivery.
2026-08-19,South,Product C,Delivery was fast and the product was good.
2026-08-19,South,Product D,Checkout was easy and payment worked well.
2026-08-19,South,Product D,Product was out of stock when I tried to buy it.
2026-08-19,South,Product D,Product was out of stock when I tried to buy it.
2026-08-19,East,Product A,Very happy with the purchase and fast delivery.
2026-08-19,East,Product B,Checkout was easy and payment worked well.
2026-08-19,East,Product C,Delivery was late and the packaging was damaged.
2026-08-19,East,Product C,Very happy with the purchase and fast delivery.
2026-08-19,East,Product C,The price felt expensive compared with alternatives.
2026-08-19,East,Product D,Checkout was easy and payment worked well.
2026-08-19,East,Product D,The price felt expensive compared with alternatives.
2026-08-19,West,Product A,Delivery was late and the packaging was damaged.
2026-08-19,West,Product B,Delivery was fast and the product was good.
2026-08-19,West,Product C,Delivery was fast and the product was good.
2026-08-19,West,Product D,Product was out of stock when I tried to buy it.
2026-08-19,West,Product D,The product quality was poor and I want a return.
2026-08-19,West,Product D,Very happy with the purchase and fast delivery.
2026-08-20,North,Product A,Very happy with the purchase and fast delivery.
2026-08-20,North,Product A,Delivery was fast and the product was good.
2026-08-20,North,Product A,Checkout was easy and payment worked well.
2026-08-20,North,Product B,Product was out of stock when I tried to buy it.
2026-08-20,North,Product B,Checkout was easy and payment worked well.
2026-08-20,North,Product B,Checkout was easy and payment worked well.
2026-08-20,North,Product C,The product quality was poor and I want a return.
2026-08-20,North,Product D,Very happy with the purchase and fast delivery.
2026-08-20,North,Product D,Very happy with the purchase and fast delivery.
2026-08-20,North,Product D,Checkout was easy and payment worked well.
2026-08-20,South,Product A,The product quality was poor and I want a return.
2026-08-20,South,Product A,Product was out of stock when I tried to buy it.
2026-08-20,South,Product A,The price felt expensive compared with alternatives.
2026-08-20,South,Product B,Delivery was late and the packaging was damaged.
2026-08-20,South,Product B,The product quality was poor and I want a return.
2026-08-20,South,Product C,Delivery was late and the packaging was damaged.
2026-08-20,South,Product C,Very happy with the purchase and fast delivery.
2026-08-20,South,Product D,The price felt expensive compared with alternatives.
2026-08-20,South,Product D,Product was out of stock when I tried to buy it.
2026-08-20,South,Product D,The product quality was poor and I want a return.
2026-08-20,East,Product A,Delivery was late and the packaging was damaged.
2026-08-20,East,Product A,Checkout was easy and payment worked well.
2026-08-20,East,Product A,Product was out of stock when I tried to buy it.
2026-08-20,East,Product B,Very happy with the purchase and fast delivery.
2026-08-20,East,Product B,Very happy with the purchase and fast delivery.
2026-08-20,East,Product C,The price felt expensive compared with alternatives.
2026-08-20,East,Product C,Checkout was easy and payment worked well.
2026-08-20,East,Product C,Product was out of stock when I tried to buy it.
2026-08-20,East,Product D,Checkout was easy and payment worked well.
2026-08-20,East,Product D,Product was out of stock when I tried to buy it.
2026-08-20,West,Product A,The product quality was poor and I want a return.
2026-08-20,West,Product B,The product quality was poor and I want a return.
2026-08-20,West,Product B,The price felt expensive compared with alternatives.
2026-08-20,West,Product C,Checkout was easy and payment worked well.
2026-08-20,West,Product C,Delivery was late and the packaging was damaged.
2026-08-20,West,Product D,The price felt expensive compared with alternatives.
2026-08-20,West,Product D,The product quality was poor and I want a return.
2026-08-21,North,Product A,The price felt expensive compared with alternatives.
2026-08-21,North,Product A,The price felt expensive compared with alternatives.
2026-08-21,North,Product B,The price felt expensive compared with alternatives.
2026-08-21,North,Product B,The product quality was poor and I want a return.
2026-08-21,North,Product B,The product quality was poor and I want a return.
2026-08-21,North,Product C,Very happy with the purchase and fast delivery.
2026-08-21,North,Product C,The product quality was poor and I want a return.
2026-08-21,North,Product C,Delivery was late and the packaging was damaged.
2026-08-21,North,Product D,The price felt expensive compared with alternatives.
2026-08-21,South,Product A,Delivery was late and the packaging was damaged.
2026-08-21,South,Product A,Checkout was easy and payment worked well.
2026-08-21,South,Product B,The price felt expensive compared with alternatives.
2026-08-21,South,Product B,Delivery was late and the packaging was damaged.
2026-08-21,South,Product C,The product quality was poor and I want a return.
2026-08-21,South,Product C,The price felt expensive compared with alternatives.
2026-08-21,South,Product C,The price felt expensive compared with alternatives.
2026-08-21,South,Product D,Very happy with the purchase and fast delivery.
2026-08-21,East,Product A,Product was out of stock when I tried to buy it.
2026-08-21,East,Product B,The product quality was poor and I want a return.
2026-08-21,East,Product B,Checkout was easy and payment worked well.
2026-08-21,East,Product C,Delivery was late and the packaging was damaged.
2026-08-21,East,Product C,The price felt expensive compared with alternatives.
2026-08-21,East,Product C,Checkout was easy and payment worked well.
2026-08-21,East,Product D,Delivery was late and the packaging was damaged.
2026-08-21,East,Product D,Checkout was easy and payment worked well.
2026-08-21,West,Product A,The product quality was poor and I want a return.
2026-08-21,West,Product B,Very happy with the purchase and fast delivery.
2026-08-21,West,Product C,The price felt expensive compared with alternatives.
2026-08-21,West,Product D,The price felt expensive compared with alternatives.
